"dilution_rate","N_star"
1e-04,0.190801169879467
2e-04,0.19080095707578
3e-04,0.190800744209705
4e-04,0.190800531281215
5e-04,0.190800318290282
6e-04,0.190800105236879
7e-04,0.190799892120978
8e-04,0.190799678942552
9e-04,0.190799465701573
0.001,0.190799252398014
0.0011,0.190799039031846
0.0012,0.190798825603044
0.0013,0.190798612111578
0.0014,0.190798398557421
0.0015,0.190798184940547
0.0016,0.190797971260926
0.0017,0.190797757518532
0.0018,0.190797543713336
0.0019,0.190797329845312
0.002,0.190797115914431
0.0021,0.190796901920666
0.0022,0.190796687863989
0.0023,0.190796473744371
0.0024,0.190796259561787
0.0025,0.190796045316207
0.0026,0.190795831007604
0.0027,0.19079561663595
0.0028,0.190795402201217
0.0029,0.190795187703378
0.003,0.190794973142404
0.0031,0.190794758518267
0.0032,0.190794543830941
0.0033,0.190794329080396
0.0034,0.190794114266605
0.0035,0.190793899389541
0.0036,0.190793684449174
0.0037,0.190793469445477
0.0038,0.190793254378422
0.0039,0.190793039247981
0.004,0.190792824054127
0.0041,0.19079260879683
0.0042,0.190792393476063
0.0043,0.190792178091798
0.0044,0.190791962644007
0.0045,0.190791747132661
0.0046,0.190791531557733
0.0047,0.190791315919194
0.0048,0.190791100217016
0.0049,0.190790884451171
0.005,0.190790668621631
0.0051,0.190790452728368
0.0052,0.190790236771353
0.0053,0.190790020750559
0.0054,0.190789804665956
0.0055,0.190789588517516
0.0056,0.190789372305213
0.0057,0.190789156029016
0.0058,0.190788939688897
0.0059,0.190788723284829
0.006,0.190788506816784
0.0061,0.190788290284731
0.0062,0.190788073688644
0.0063,0.190787857028494
0.0064,0.190787640304252
0.0065,0.19078742351589
0.0066,0.190787206663379
0.0067,0.190786989746692
0.0068,0.190786772765799
0.0069,0.190786555720672
0.007,0.190786338611282
0.0071,0.190786121437602
0.0072,0.190785904199601
0.0073,0.190785686897253
0.0074,0.190785469530528
0.0075,0.190785252099397
0.0076,0.190785034603832
0.0077,0.190784817043804
0.0078,0.190784599419286
0.0079,0.190784381730247
0.008,0.190784163976659
0.0081,0.190783946158494
0.0082,0.190783728275723
0.0083,0.190783510328316
0.0084,0.190783292316246
0.0085,0.190783074239484
0.0086,0.190782856098
0.0087,0.190782637891766
0.0088,0.190782419620754
0.0089,0.190782201284933
0.009,0.190781982884276
0.0091,0.190781764418753
0.0092,0.190781545888336
0.0093,0.190781327292996
0.0094,0.190781108632703
0.0095,0.190780889907429
0.0096,0.190780671117144
0.0097,0.190780452261821
0.0098,0.190780233341429
0.0099,0.19078001435594
0.01,0.190779795305325
0.0101,0.190779576189555
0.0102,0.1907793570086
0.0103,0.190779137762431
0.0104,0.19077891845102
0.0105,0.190778699074337
0.0106,0.190778479632354
0.0107,0.19077826012504
0.0108,0.190778040552367
0.0109,0.190777820914306
0.011,0.190777601210827
0.0111,0.190777381441901
0.0112,0.190777161607499
0.0113,0.190776941707592
0.0114,0.19077672174215
0.0115,0.190776501711144
0.0116,0.190776281614545
0.0117,0.190776061452323
0.0118,0.190775841224449
0.0119,0.190775620930894
0.012,0.190775400571628
0.0121,0.190775180146623
0.0122,0.190774959655847
0.0123,0.190774739099273
0.0124,0.19077451847687
0.0125,0.190774297788609
0.0126,0.190774077034461
0.0127,0.190773856214396
0.0128,0.190773635328384
0.0129,0.190773414376397
0.013,0.190773193358403
0.0131,0.190772972274375
0.0132,0.190772751124282
0.0133,0.190772529908095
0.0134,0.190772308625783
0.0135,0.190772087277318
0.0136,0.19077186586267
0.0137,0.190771644381809
0.0138,0.190771422834704
0.0139,0.190771201221328
0.014,0.190770979541649
0.0141,0.190770757795639
0.0142,0.190770535983266
0.0143,0.190770314104503
0.0144,0.190770092159317
0.0145,0.190769870147681
0.0146,0.190769648069564
0.0147,0.190769425924936
0.0148,0.190769203713767
0.0149,0.190768981436027
0.015,0.190768759091687
0.0151,0.190768536680717
0.0152,0.190768314203086
0.0153,0.190768091658764
0.0154,0.190767869047722
0.0155,0.19076764636993
0.0156,0.190767423625357
0.0157,0.190767200813974
0.0158,0.19076697793575
0.0159,0.190766754990655
0.016,0.19076653197866
0.0161,0.190766308899734
0.0162,0.190766085753847
0.0163,0.190765862540969
0.0164,0.190765639261069
0.0165,0.190765415914118
0.0166,0.190765192500085
0.0167,0.19076496901894
0.0168,0.190764745470653
0.0169,0.190764521855193
0.017,0.190764298172531
0.0171,0.190764074422636
0.0172,0.190763850605477
0.0173,0.190763626721025
0.0174,0.190763402769249
0.0175,0.190763178750118
0.0176,0.190762954663602
0.0177,0.190762730509672
0.0178,0.190762506288295
0.0179,0.190762281999442
0.018,0.190762057643083
0.0181,0.190761833219187
0.0182,0.190761608727724
0.0183,0.190761384168662
0.0184,0.190761159541972
0.0185,0.190760934847622
0.0186,0.190760710085583
0.0187,0.190760485255823
0.0188,0.190760260358313
0.0189,0.190760035393021
0.019,0.190759810359917
0.0191,0.19075958525897
0.0192,0.190759360090149
0.0193,0.190759134853424
0.0194,0.190758909548765
0.0195,0.190758684176139
0.0196,0.190758458735517
0.0197,0.190758233226868
0.0198,0.190758007650161
0.0199,0.190757782005365
0.02,0.190757556292449
0.0201,0.190757330511382
0.0202,0.190757104662135
0.0203,0.190756878744674
0.0204,0.190756652758971
0.0205,0.190756426704994
0.0206,0.190756200582711
0.0207,0.190755974392093
0.0208,0.190755748133107
0.0209,0.190755521805723
0.021,0.190755295409911
0.0211,0.190755068945638
0.0212,0.190754842412874
0.0213,0.190754615811588
0.0214,0.190754389141748
0.0215,0.190754162403325
0.0216,0.190753935596285
0.0217,0.190753708720599
0.0218,0.190753481776235
0.0219,0.190753254763162
0.022,0.190753027681349
0.0221,0.190752800530764
0.0222,0.190752573311376
0.0223,0.190752346023154
0.0224,0.190752118666067
0.0225,0.190751891240084
0.0226,0.190751663745172
0.0227,0.190751436181302
0.0228,0.19075120854844
0.0229,0.190750980846557
0.023,0.19075075307562
0.0231,0.190750525235599
0.0232,0.190750297326461
0.0233,0.190750069348175
0.0234,0.19074984130071
0.0235,0.190749613184035
0.0236,0.190749384998117
0.0237,0.190749156742926
0.0238,0.19074892841843
0.0239,0.190748700024596
0.024,0.190748471561394
0.0241,0.190748243028792
0.0242,0.190748014426759
0.0243,0.190747785755262
0.0244,0.19074755701427
0.0245,0.190747328203752
0.0246,0.190747099323675
0.0247,0.190746870374008
0.0248,0.190746641354719
0.0249,0.190746412265777
0.025,0.190746183107149
0.0251,0.190745953878804
0.0252,0.19074572458071
0.0253,0.190745495212835
0.0254,0.190745265775148
0.0255,0.190745036267616
0.0256,0.190744806690207
0.0257,0.19074457704289
0.0258,0.190744347325633
0.0259,0.190744117538404
0.026,0.19074388768117
0.0261,0.1907436577539
0.0262,0.190743427756562
0.0263,0.190743197689123
0.0264,0.190742967551553
0.0265,0.190742737343817
0.0266,0.190742507065885
0.0267,0.190742276717725
0.0268,0.190742046299304
0.0269,0.19074181581059
0.027,0.19074158525155
0.0271,0.190741354622154
0.0272,0.190741123922368
0.0273,0.19074089315216
0.0274,0.190740662311499
0.0275,0.190740431400351
0.0276,0.190740200418685
0.0277,0.190739969366467
0.0278,0.190739738243667
0.0279,0.190739507050251
0.028,0.190739275786187
0.0281,0.190739044451443
0.0282,0.190738813045987
0.0283,0.190738581569785
0.0284,0.190738350022806
0.0285,0.190738118405016
0.0286,0.190737886716385
0.0287,0.190737654956878
0.0288,0.190737423126463
0.0289,0.190737191225109
0.029,0.190736959252782
0.0291,0.19073672720945
0.0292,0.19073649509508
0.0293,0.190736262909639
0.0294,0.190736030653095
0.0295,0.190735798325416
0.0296,0.190735565926568
0.0297,0.190735333456519
0.0298,0.190735100915236
0.0299,0.190734868302686
0.03,0.190734635618837
0.0301,0.190734402863656
0.0302,0.19073417003711
0.0303,0.190733937139166
0.0304,0.190733704169791
0.0305,0.190733471128953
0.0306,0.190733238016618
0.0307,0.190733004832754
0.0308,0.190732771577328
0.0309,0.190732538250306
0.031,0.190732304851657
0.0311,0.190732071381346
0.0312,0.190731837839341
0.0313,0.190731604225609
0.0314,0.190731370540116
0.0315,0.19073113678283
0.0316,0.190730902953718
0.0317,0.190730669052746
0.0318,0.190730435079882
0.0319,0.190730201035092
0.032,0.190729966918342
0.0321,0.190729732729601
0.0322,0.190729498468834
0.0323,0.190729264136009
0.0324,0.190729029731092
0.0325,0.19072879525405
0.0326,0.190728560704849
0.0327,0.190728326083456
0.0328,0.190728091389839
0.0329,0.190727856623963
0.033,0.190727621785795
0.0331,0.190727386875302
0.0332,0.19072715189245
0.0333,0.190726916837206
0.0334,0.190726681709537
0.0335,0.190726446509409
0.0336,0.190726211236788
0.0337,0.190725975891641
0.0338,0.190725740473935
0.0339,0.190725504983635
0.034,0.190725269420709
0.0341,0.190725033785123
0.0342,0.190724798076842
0.0343,0.190724562295834
0.0344,0.190724326442065
0.0345,0.190724090515501
0.0346,0.190723854516108
0.0347,0.190723618443853
0.0348,0.190723382298701
0.0349,0.19072314608062
0.035,0.190722909789575
0.0351,0.190722673425533
0.0352,0.190722436988459
0.0353,0.19072220047832
0.0354,0.190721963895083
0.0355,0.190721727238712
0.0356,0.190721490509174
0.0357,0.190721253706436
0.0358,0.190721016830463
0.0359,0.190720779881221
0.036,0.190720542858676
0.0361,0.190720305762795
0.0362,0.190720068593542
0.0363,0.190719831350885
0.0364,0.19071959403479
0.0365,0.190719356645221
0.0366,0.190719119182144
0.0367,0.190718881645527
0.0368,0.190718644035334
0.0369,0.190718406351531
0.037,0.190718168594085
0.0371,0.19071793076296
0.0372,0.190717692858123
0.0373,0.19071745487954
0.0374,0.190717216827175
0.0375,0.190716978700995
0.0376,0.190716740500966
0.0377,0.190716502227053
0.0378,0.190716263879221
0.0379,0.190716025457437
0.038,0.190715786961665
0.0381,0.190715548391872
0.0382,0.190715309748023
0.0383,0.190715071030083
0.0384,0.190714832238018
0.0385,0.190714593371794
0.0386,0.190714354431375
0.0387,0.190714115416728
0.0388,0.190713876327817
0.0389,0.190713637164609
0.039,0.190713397927067
0.0391,0.190713158615159
0.0392,0.190712919228849
0.0393,0.190712679768102
0.0394,0.190712440232884
0.0395,0.190712200623159
0.0396,0.190711960938894
0.0397,0.190711721180053
0.0398,0.190711481346602
0.0399,0.190711241438506
0.04,0.190711001455729
0.0401,0.190710761398237
0.0402,0.190710521265996
0.0403,0.190710281058969
0.0404,0.190710040777123
0.0405,0.190709800420422
0.0406,0.190709559988831
0.0407,0.190709319482316
0.0408,0.190709078900841
0.0409,0.190708838244371
0.041,0.190708597512871
0.0411,0.190708356706306
0.0412,0.190708115824641
0.0413,0.190707874867841
0.0414,0.190707633835871
0.0415,0.190707392728695
0.0416,0.190707151546278
0.0417,0.190706910288585
0.0418,0.190706668955581
0.0419,0.190706427547231
0.042,0.190706186063498
0.0421,0.190705944504349
0.0422,0.190705702869747
0.0423,0.190705461159657
0.0424,0.190705219374044
0.0425,0.190704977512873
0.0426,0.190704735576107
0.0427,0.190704493563712
0.0428,0.190704251475652
0.0429,0.190704009311892
0.043,0.190703767072396
0.0431,0.190703524757128
0.0432,0.190703282366054
0.0433,0.190703039899136
0.0434,0.190702797356341
0.0435,0.190702554737631
0.0436,0.190702312042972
0.0437,0.190702069272329
0.0438,0.190701826425664
0.0439,0.190701583502942
0.044,0.190701340504129
0.0441,0.190701097429187
0.0442,0.190700854278082
0.0443,0.190700611050777
0.0444,0.190700367747236
0.0445,0.190700124367424
0.0446,0.190699880911305
0.0447,0.190699637378843
0.0448,0.190699393770002
0.0449,0.190699150084746
0.045,0.190698906323039
0.0451,0.190698662484846
0.0452,0.190698418570129
0.0453,0.190698174578854
0.0454,0.190697930510984
0.0455,0.190697686366482
0.0456,0.190697442145314
0.0457,0.190697197847442
0.0458,0.190696953472831
0.0459,0.190696709021445
0.046,0.190696464493246
0.0461,0.1906962198882
0.0462,0.19069597520627
0.0463,0.190695730447419
0.0464,0.190695485611611
0.0465,0.190695240698811
0.0466,0.190694995708981
0.0467,0.190694750642086
0.0468,0.190694505498088
0.0469,0.190694260276952
0.047,0.190694014978642
0.0471,0.19069376960312
0.0472,0.19069352415035
0.0473,0.190693278620296
0.0474,0.190693033012921
0.0475,0.190692787328189
0.0476,0.190692541566064
0.0477,0.190692295726507
0.0478,0.190692049809484
0.0479,0.190691803814958
0.048,0.190691557742891
0.0481,0.190691311593247
0.0482,0.190691065365989
0.0483,0.190690819061081
0.0484,0.190690572678487
0.0485,0.190690326218168
0.0486,0.190690079680088
0.0487,0.190689833064212
0.0488,0.190689586370501
0.0489,0.190689339598919
0.049,0.190689092749429
0.0491,0.190688845821994
0.0492,0.190688598816577
0.0493,0.190688351733142
0.0494,0.19068810457165
0.0495,0.190687857332067
0.0496,0.190687610014353
0.0497,0.190687362618473
0.0498,0.190687115144388
0.0499,0.190686867592063
0.05,0.19068661996146
0.0501,0.190686372252542
0.0502,0.190686124465271
0.0503,0.190685876599611
0.0504,0.190685628655524
0.0505,0.190685380632973
0.0506,0.190685132531921
0.0507,0.190684884352331
0.0508,0.190684636094165
0.0509,0.190684387757386
0.051,0.190684139341956
0.0511,0.190683890847838
0.0512,0.190683642274996
0.0513,0.19068339362339
0.0514,0.190683144892985
0.0515,0.190682896083742
0.0516,0.190682647195625
0.0517,0.190682398228594
0.0518,0.190682149182614
0.0519,0.190681900057646
0.052,0.190681650853653
0.0521,0.190681401570597
0.0522,0.19068115220844
0.0523,0.190680902767146
0.0524,0.190680653246675
0.0525,0.190680403646991
0.0526,0.190680153968057
0.0527,0.190679904209833
0.0528,0.190679654372282
0.0529,0.190679404455367
0.053,0.190679154459049
0.0531,0.190678904383292
0.0532,0.190678654228056
0.0533,0.190678403993304
0.0534,0.190678153678999
0.0535,0.190677903285101
0.0536,0.190677652811574
0.0537,0.190677402258379
0.0538,0.190677151625478
0.0539,0.190676900912834
0.054,0.190676650120407
0.0541,0.190676399248161
0.0542,0.190676148296056
0.0543,0.190675897264055
0.0544,0.19067564615212
0.0545,0.190675394960212
0.0546,0.190675143688294
0.0547,0.190674892336326
0.0548,0.190674640904271
0.0549,0.190674389392091
0.055,0.190674137799746
0.0551,0.1906738861272
0.0552,0.190673634374413
0.0553,0.190673382541346
0.0554,0.190673130627963
0.0555,0.190672878634224
0.0556,0.19067262656009
0.0557,0.190672374405524
0.0558,0.190672122170487
0.0559,0.19067186985494
0.056,0.190671617458844
0.0561,0.190671364982162
0.0562,0.190671112424854
0.0563,0.190670859786882
0.0564,0.190670607068208
0.0565,0.190670354268792
0.0566,0.190670101388596
0.0567,0.19066984842758
0.0568,0.190669595385708
0.0569,0.190669342262939
0.057,0.190669089059235
0.0571,0.190668835774556
0.0572,0.190668582408865
0.0573,0.190668328962123
0.0574,0.190668075434289
0.0575,0.190667821825326
0.0576,0.190667568135195
0.0577,0.190667314363856
0.0578,0.19066706051127
0.0579,0.1906668065774
0.058,0.190666552562204
0.0581,0.190666298465645
0.0582,0.190666044287683
0.0583,0.19066579002828
0.0584,0.190665535687395
0.0585,0.190665281264991
0.0586,0.190665026761026
0.0587,0.190664772175464
0.0588,0.190664517508263
0.0589,0.190664262759386
0.059,0.190664007928792
0.0591,0.190663753016442
0.0592,0.190663498022297
0.0593,0.190663242946318
0.0594,0.190662987788464
0.0595,0.190662732548698
0.0596,0.190662477226979
0.0597,0.190662221823267
0.0598,0.190661966337524
0.0599,0.19066171076971
0.06,0.190661455119785
0.0601,0.190661199387709
0.0602,0.190660943573444
0.0603,0.190660687676949
0.0604,0.190660431698184
0.0605,0.190660175637111
0.0606,0.190659919493689
0.0607,0.190659663267879
0.0608,0.190659406959641
0.0609,0.190659150568934
0.061,0.19065889409572
0.0611,0.190658637539958
0.0612,0.190658380901609
0.0613,0.190658124180633
0.0614,0.19065786737699
0.0615,0.190657610490639
0.0616,0.190657353521541
0.0617,0.190657096469656
0.0618,0.190656839334944
0.0619,0.190656582117365
0.062,0.190656324816879
0.0621,0.190656067433445
0.0622,0.190655809967024
0.0623,0.190655552417575
0.0624,0.190655294785059
0.0625,0.190655037069434
0.0626,0.190654779270662
0.0627,0.190654521388701
0.0628,0.190654263423511
0.0629,0.190654005375053
0.063,0.190653747243285
0.0631,0.190653489028168
0.0632,0.19065323072966
0.0633,0.190652972347722
0.0634,0.190652713882314
0.0635,0.190652455333394
0.0636,0.190652196700922
0.0637,0.190651937984858
0.0638,0.190651679185161
0.0639,0.190651420301791
0.064,0.190651161334707
0.0641,0.190650902283868
0.0642,0.190650643149234
0.0643,0.190650383930764
0.0644,0.190650124628417
0.0645,0.190649865242154
0.0646,0.190649605771932
0.0647,0.190649346217711
0.0648,0.190649086579451
0.0649,0.19064882685711
0.065,0.190648567050648
0.0651,0.190648307160024
0.0652,0.190648047185197
0.0653,0.190647787126126
0.0654,0.19064752698277
0.0655,0.190647266755088
0.0656,0.19064700644304
0.0657,0.190646746046583
0.0658,0.190646485565677
0.0659,0.190646225000281
0.066,0.190645964350354
0.0661,0.190645703615854
0.0662,0.190645442796741
0.0663,0.190645181892974
0.0664,0.19064492090451
0.0665,0.190644659831309
0.0666,0.19064439867333
0.0667,0.190644137430531
0.0668,0.19064387610287
0.0669,0.190643614690308
0.067,0.190643353192801
0.0671,0.190643091610309
0.0672,0.190642829942791
0.0673,0.190642568190204
0.0674,0.190642306352508
0.0675,0.190642044429661
0.0676,0.190641782421621
0.0677,0.190641520328346
0.0678,0.190641258149796
0.0679,0.190640995885928
0.068,0.190640733536701
0.0681,0.190640471102074
0.0682,0.190640208582003
0.0683,0.190639945976449
0.0684,0.190639683285368
0.0685,0.19063942050872
0.0686,0.190639157646462
0.0687,0.190638894698553
0.0688,0.19063863166495
0.0689,0.190638368545612
0.069,0.190638105340497
0.0691,0.190637842049562
0.0692,0.190637578672767
0.0693,0.190637315210068
0.0694,0.190637051661425
0.0695,0.190636788026794
0.0696,0.190636524306134
0.0697,0.190636260499402
0.0698,0.190635996606557
0.0699,0.190635732627556
0.07,0.190635468562357
0.0701,0.190635204410918
0.0702,0.190634940173197
0.0703,0.190634675849151
0.0704,0.190634411438738
0.0705,0.190634146941916
0.0706,0.190633882358642
0.0707,0.190633617688874
0.0708,0.190633352932569
0.0709,0.190633088089685
0.071,0.19063282316018
0.0711,0.190632558144012
0.0712,0.190632293041136
0.0713,0.190632027851512
0.0714,0.190631762575096
0.0715,0.190631497211845
0.0716,0.190631231761718
0.0717,0.190630966224672
0.0718,0.190630700600663
0.0719,0.190630434889649
0.072,0.190630169091587
0.0721,0.190629903206435
0.0722,0.19062963723415
0.0723,0.190629371174688
0.0724,0.190629105028008
0.0725,0.190628838794065
0.0726,0.190628572472818
0.0727,0.190628306064223
0.0728,0.190628039568237
0.0729,0.190627772984817
0.073,0.190627506313921
0.0731,0.190627239555504
0.0732,0.190626972709525
0.0733,0.19062670577594
0.0734,0.190626438754705
0.0735,0.190626171645778
0.0736,0.190625904449115
0.0737,0.190625637164674
0.0738,0.19062536979241
0.0739,0.190625102332281
0.074,0.190624834784243
0.0741,0.190624567148253
0.0742,0.190624299424268
0.0743,0.190624031612244
0.0744,0.190623763712137
0.0745,0.190623495723905
0.0746,0.190623227647504
0.0747,0.190622959482889
0.0748,0.190622691230019
0.0749,0.190622422888848
0.075,0.190622154459334
0.0751,0.190621885941433
0.0752,0.190621617335102
0.0753,0.190621348640295
0.0754,0.190621079856971
0.0755,0.190620810985084
0.0756,0.190620542024592
0.0757,0.19062027297545
0.0758,0.190620003837615
0.0759,0.190619734611043
0.076,0.19061946529569
0.0761,0.190619195891511
0.0762,0.190618926398464
0.0763,0.190618656816503
0.0764,0.190618387145586
0.0765,0.190618117385667
0.0766,0.190617847536704
0.0767,0.190617577598651
0.0768,0.190617307571465
0.0769,0.190617037455101
0.077,0.190616767249516
0.0771,0.190616496954665
0.0772,0.190616226570503
0.0773,0.190615956096988
0.0774,0.190615685534074
0.0775,0.190615414881716
0.0776,0.190615144139872
0.0777,0.190614873308495
0.0778,0.190614602387542
0.0779,0.190614331376969
0.078,0.190614060276731
0.0781,0.190613789086783
0.0782,0.190613517807081
0.0783,0.19061324643758
0.0784,0.190612974978236
0.0785,0.190612703429004
0.0786,0.190612431789839
0.0787,0.190612160060697
0.0788,0.190611888241533
0.0789,0.190611616332302
0.079,0.19061134433296
0.0791,0.190611072243461
0.0792,0.190610800063762
0.0793,0.190610527793816
0.0794,0.19061025543358
0.0795,0.190609982983007
0.0796,0.190609710442054
0.0797,0.190609437810675
0.0798,0.190609165088826
0.0799,0.19060889227646
0.08,0.190608619373534
0.0801,0.190608346380002
0.0802,0.190608073295819
0.0803,0.190607800120939
0.0804,0.190607526855318
0.0805,0.19060725349891
0.0806,0.190606980051671
0.0807,0.190606706513554
0.0808,0.190606432884515
0.0809,0.190606159164507
0.081,0.190605885353487
0.0811,0.190605611451408
0.0812,0.190605337458225
0.0813,0.190605063373892
0.0814,0.190604789198365
0.0815,0.190604514931597
0.0816,0.190604240573543
0.0817,0.190603966124157
0.0818,0.190603691583394
0.0819,0.190603416951208
0.082,0.190603142227553
0.0821,0.190602867412384
0.0822,0.190602592505655
0.0823,0.19060231750732
0.0824,0.190602042417334
0.0825,0.19060176723565
0.0826,0.190601491962223
0.0827,0.190601216597007
0.0828,0.190600941139956
0.0829,0.190600665591023
0.083,0.190600389950164
0.0831,0.190600114217332
0.0832,0.19059983839248
0.0833,0.190599562475564
0.0834,0.190599286466536
0.0835,0.190599010365351
0.0836,0.190598734171962
0.0837,0.190598457886324
0.0838,0.19059818150839
0.0839,0.190597905038113
0.084,0.190597628475448
0.0841,0.190597351820348
0.0842,0.190597075072767
0.0843,0.190596798232659
0.0844,0.190596521299976
0.0845,0.190596244274674
0.0846,0.190595967156704
0.0847,0.190595689946021
0.0848,0.190595412642578
0.0849,0.190595135246328
0.085,0.190594857757226
0.0851,0.190594580175224
0.0852,0.190594302500275
0.0853,0.190594024732333
0.0854,0.190593746871352
0.0855,0.190593468917284
0.0856,0.190593190870083
0.0857,0.190592912729701
0.0858,0.190592634496093
0.0859,0.190592356169211
0.086,0.190592077749008
0.0861,0.190591799235437
0.0862,0.190591520628452
0.0863,0.190591241928004
0.0864,0.190590963134049
0.0865,0.190590684246537
0.0866,0.190590405265423
0.0867,0.190590126190658
0.0868,0.190589847022196
0.0869,0.19058956775999
0.087,0.190589288403993
0.0871,0.190589008954156
0.0872,0.190588729410433
0.0873,0.190588449772777
0.0874,0.19058817004114
0.0875,0.190587890215475
0.0876,0.190587610295734
0.0877,0.19058733028187
0.0878,0.190587050173835
0.0879,0.190586769971582
0.088,0.190586489675064
0.0881,0.190586209284233
0.0882,0.19058592879904
0.0883,0.190585648219439
0.0884,0.190585367545382
0.0885,0.190585086776822
0.0886,0.190584805913709
0.0887,0.190584524955998
0.0888,0.190584243903639
0.0889,0.190583962756585
0.089,0.190583681514788
0.0891,0.190583400178201
0.0892,0.190583118746775
0.0893,0.190582837220462
0.0894,0.190582555599215
0.0895,0.190582273882985
0.0896,0.190581992071724
0.0897,0.190581710165385
0.0898,0.190581428163918
0.0899,0.190581146067277
0.09,0.190580863875412
0.0901,0.190580581588275
0.0902,0.190580299205819
0.0903,0.190580016727995
0.0904,0.190579734154754
0.0905,0.190579451486049
0.0906,0.190579168721831
0.0907,0.190578885862051
0.0908,0.190578602906661
0.0909,0.190578319855612
0.091,0.190578036708857
0.0911,0.190577753466346
0.0912,0.190577470128031
0.0913,0.190577186693863
0.0914,0.190576903163794
0.0915,0.190576619537775
0.0916,0.190576335815757
0.0917,0.190576051997691
0.0918,0.190575768083529
0.0919,0.190575484073222
0.092,0.190575199966721
0.0921,0.190574915763977
0.0922,0.190574631464942
0.0923,0.190574347069566
0.0924,0.1905740625778
0.0925,0.190573777989595
0.0926,0.190573493304903
0.0927,0.190573208523673
0.0928,0.190572923645858
0.0929,0.190572638671408
0.093,0.190572353600274
0.0931,0.190572068432406
0.0932,0.190571783167755
0.0933,0.190571497806272
0.0934,0.190571212347908
0.0935,0.190570926792614
0.0936,0.190570641140339
0.0937,0.190570355391035
0.0938,0.190570069544652
0.0939,0.190569783601141
0.094,0.190569497560452
0.0941,0.190569211422535
0.0942,0.190568925187341
0.0943,0.190568638854821
0.0944,0.190568352424925
0.0945,0.190568065897602
0.0946,0.190567779272804
0.0947,0.19056749255048
0.0948,0.190567205730582
0.0949,0.190566918813058
0.095,0.190566631797859
0.0951,0.190566344684936
0.0952,0.190566057474238
0.0953,0.190565770165715
0.0954,0.190565482759318
0.0955,0.190565195254996
0.0956,0.190564907652699
0.0957,0.190564619952377
0.0958,0.190564332153981
0.0959,0.19056404425746
0.096,0.190563756262763
0.0961,0.190563468169841
0.0962,0.190563179978643
0.0963,0.190562891689119
0.0964,0.190562603301218
0.0965,0.190562314814891
0.0966,0.190562026230087
0.0967,0.190561737546755
0.0968,0.190561448764845
0.0969,0.190561159884307
0.097,0.19056087090509
0.0971,0.190560581827142
0.0972,0.190560292650415
0.0973,0.190560003374857
0.0974,0.190559714000417
0.0975,0.190559424527045
0.0976,0.19055913495469
0.0977,0.190558845283301
0.0978,0.190558555512828
0.0979,0.190558265643219
0.098,0.190557975674424
0.0981,0.190557685606391
0.0982,0.19055739543907
0.0983,0.190557105172411
0.0984,0.19055681480636
0.0985,0.190556524340869
0.0986,0.190556233775885
0.0987,0.190555943111358
0.0988,0.190555652347236
0.0989,0.190555361483469
0.099,0.190555070520004
0.0991,0.190554779456791
0.0992,0.190554488293778
0.0993,0.190554197030914
0.0994,0.190553905668148
0.0995,0.190553614205428
0.0996,0.190553322642703
0.0997,0.190553030979921
0.0998,0.190552739217031
0.0999,0.190552447353981
0.1,0.19055215539072
0.1001,0.190551863327196
0.1002,0.190551571163357
0.1003,0.190551278899152
0.1004,0.190550986534529
0.1005,0.190550694069436
0.1006,0.190550401503822
0.1007,0.190550108837634
0.1008,0.190549816070821
0.1009,0.190549523203331
0.101,0.190549230235111
0.1011,0.19054893716611
0.1012,0.190548643996277
0.1013,0.190548350725558
0.1014,0.190548057353901
0.1015,0.190547763881256
0.1016,0.190547470307569
0.1017,0.190547176632788
0.1018,0.190546882856861
0.1019,0.190546588979736
0.102,0.190546295001361
0.1021,0.190546000921682
0.1022,0.190545706740649
0.1023,0.190545412458207
0.1024,0.190545118074306
0.1025,0.190544823588892
0.1026,0.190544529001913
0.1027,0.190544234313317
0.1028,0.19054393952305
0.1029,0.19054364463106
0.103,0.190543349637295
0.1031,0.190543054541702
0.1032,0.190542759344228
0.1033,0.19054246404482
0.1034,0.190542168643425
0.1035,0.190541873139991
0.1036,0.190541577534465
0.1037,0.190541281826794
0.1038,0.190540986016925
0.1039,0.190540690104805
0.104,0.19054039409038
0.1041,0.190540097973598
0.1042,0.190539801754406
0.1043,0.190539505432751
0.1044,0.190539209008579
0.1045,0.190538912481837
0.1046,0.190538615852473
0.1047,0.190538319120432
0.1048,0.190538022285661
0.1049,0.190537725348107
0.105,0.190537428307717
0.1051,0.190537131164437
0.1052,0.190536833918214
0.1053,0.190536536568994
0.1054,0.190536239116723
0.1055,0.190535941561349
0.1056,0.190535643902817
0.1057,0.190535346141074
0.1058,0.190535048276066
0.1059,0.190534750307739
0.106,0.19053445223604
0.1061,0.190534154060915
0.1062,0.19053385578231
0.1063,0.190533557400171
0.1064,0.190533258914444
0.1065,0.190532960325076
0.1066,0.190532661632011
0.1067,0.190532362835197
0.1068,0.190532063934579
0.1069,0.190531764930103
0.107,0.190531465821715
0.1071,0.190531166609361
0.1072,0.190530867292986
0.1073,0.190530567872536
0.1074,0.190530268347957
0.1075,0.190529968719196
0.1076,0.190529668986196
0.1077,0.190529369148904
0.1078,0.190529069207266
0.1079,0.190528769161226
0.108,0.190528469010731
0.1081,0.190528168755726
0.1082,0.190527868396156
0.1083,0.190527567931967
0.1084,0.190527267363104
0.1085,0.190526966689512
0.1086,0.190526665911136
0.1087,0.190526365027923
0.1088,0.190526064039816
0.1089,0.190525762946761
0.109,0.190525461748704
0.1091,0.190525160445588
0.1092,0.19052485903736
0.1093,0.190524557523964
0.1094,0.190524255905346
0.1095,0.190523954181449
0.1096,0.190523652352219
0.1097,0.190523350417602
0.1098,0.19052304837754
0.1099,0.19052274623198
0.11,0.190522443980866
0.1101,0.190522141624143
0.1102,0.190521839161756
0.1103,0.190521536593648
0.1104,0.190521233919765
0.1105,0.19052093114005
0.1106,0.19052062825445
0.1107,0.190520325262907
0.1108,0.190520022165367
0.1109,0.190519718961773
0.111,0.190519415652071
0.1111,0.190519112236204
0.1112,0.190518808714116
0.1113,0.190518505085752
0.1114,0.190518201351057
0.1115,0.190517897509973
0.1116,0.190517593562446
0.1117,0.190517289508419
0.1118,0.190516985347837
0.1119,0.190516681080642
0.112,0.19051637670678
0.1121,0.190516072226194
0.1122,0.190515767638828
0.1123,0.190515462944626
0.1124,0.190515158143531
0.1125,0.190514853235488
0.1126,0.19051454822044
0.1127,0.19051424309833
0.1128,0.190513937869103
0.1129,0.190513632532701
0.113,0.190513327089069
0.1131,0.19051302153815
0.1132,0.190512715879888
0.1133,0.190512410114225
0.1134,0.190512104241105
0.1135,0.190511798260472
0.1136,0.190511492172269
0.1137,0.190511185976439
0.1138,0.190510879672925
0.1139,0.190510573261671
0.114,0.190510266742619
0.1141,0.190509960115713
0.1142,0.190509653380896
0.1143,0.190509346538111
0.1144,0.190509039587301
0.1145,0.190508732528408
0.1146,0.190508425361376
0.1147,0.190508118086148
0.1148,0.190507810702666
0.1149,0.190507503210874
0.115,0.190507195610713
0.1151,0.190506887902127
0.1152,0.190506580085058
0.1153,0.190506272159449
0.1154,0.190505964125242
0.1155,0.19050565598238
0.1156,0.190505347730806
0.1157,0.190505039370462
0.1158,0.19050473090129
0.1159,0.190504422323234
0.116,0.190504113636234
0.1161,0.190503804840233
0.1162,0.190503495935174
0.1163,0.190503186921
0.1164,0.190502877797651
0.1165,0.19050256856507
0.1166,0.1905022592232
0.1167,0.190501949771982
0.1168,0.190501640211358
0.1169,0.19050133054127
0.117,0.190501020761661
0.1171,0.190500710872472
0.1172,0.190500400873645
0.1173,0.190500090765122
0.1174,0.190499780546844
0.1175,0.190499470218753
0.1176,0.190499159780791
0.1177,0.1904988492329
0.1178,0.190498538575022
0.1179,0.190498227807096
0.118,0.190497916929067
0.1181,0.190497605940873
0.1182,0.190497294842459
0.1183,0.190496983633763
0.1184,0.190496672314729
0.1185,0.190496360885296
0.1186,0.190496049345407
0.1187,0.190495737695003
0.1188,0.190495425934025
0.1189,0.190495114062414
0.119,0.190494802080111
0.1191,0.190494489987057
0.1192,0.190494177783193
0.1193,0.190493865468461
0.1194,0.1904935530428
0.1195,0.190493240506153
0.1196,0.190492927858459
0.1197,0.19049261509966
0.1198,0.190492302229697
0.1199,0.190491989248509
0.12,0.190491676156039
0.1201,0.190491362952226
0.1202,0.190491049637011
0.1203,0.190490736210334
0.1204,0.190490422672137
0.1205,0.190490109022359
0.1206,0.190489795260942
0.1207,0.190489481387824
0.1208,0.190489167402948
0.1209,0.190488853306252
0.121,0.190488539097678
0.1211,0.190488224777165
0.1212,0.190487910344654
0.1213,0.190487595800085
0.1214,0.190487281143398
0.1215,0.190486966374533
0.1216,0.190486651493429
0.1217,0.190486336500027
0.1218,0.190486021394268
0.1219,0.19048570617609
0.122,0.190485390845433
0.1221,0.190485075402238
0.1222,0.190484759846444
0.1223,0.19048444417799
0.1224,0.190484128396817
0.1225,0.190483812502864
0.1226,0.190483496496071
0.1227,0.190483180376376
0.1228,0.190482864143721
0.1229,0.190482547798043
0.123,0.190482231339283
0.1231,0.190481914767379
0.1232,0.190481598082272
0.1233,0.1904812812839
0.1234,0.190480964372202
0.1235,0.190480647347119
0.1236,0.190480330208588
0.1237,0.190480012956549
0.1238,0.190479695590942
0.1239,0.190479378111704
0.124,0.190479060518775
0.1241,0.190478742812095
0.1242,0.190478424991601
0.1243,0.190478107057233
0.1244,0.190477789008929
0.1245,0.190477470846628
0.1246,0.19047715257027
0.1247,0.190476834179792
0.1248,0.190476515675133
0.1249,0.190476197056231
0.125,0.190475878323026
0.1251,0.190475559475456
0.1252,0.190475240513459
0.1253,0.190474921436973
0.1254,0.190474602245938
0.1255,0.19047428294029
0.1256,0.190473963519969
0.1257,0.190473643984913
0.1258,0.190473324335059
0.1259,0.190473004570346
0.126,0.190472684690713
0.1261,0.190472364696096
0.1262,0.190472044586435
0.1263,0.190471724361667
0.1264,0.190471404021729
0.1265,0.190471083566561
0.1266,0.190470762996099
0.1267,0.190470442310281
0.1268,0.190470121509045
0.1269,0.190469800592329
0.127,0.190469479560071
0.1271,0.190469158412207
0.1272,0.190468837148677
0.1273,0.190468515769416
0.1274,0.190468194274362
0.1275,0.190467872663454
0.1276,0.190467550936627
0.1277,0.190467229093821
0.1278,0.190466907134971
0.1279,0.190466585060015
0.128,0.190466262868891
0.1281,0.190465940561535
0.1282,0.190465618137884
0.1283,0.190465295597876
0.1284,0.190464972941447
0.1285,0.190464650168535
0.1286,0.190464327279077
0.1287,0.190464004273008
0.1288,0.190463681150267
0.1289,0.19046335791079
0.129,0.190463034554513
0.1291,0.190462711081373
0.1292,0.190462387491308
0.1293,0.190462063784253
0.1294,0.190461739960144
0.1295,0.19046141601892
0.1296,0.190461091960515
0.1297,0.190460767784867
0.1298,0.190460443491912
0.1299,0.190460119081585
0.13,0.190459794553825
0.1301,0.190459469908565
0.1302,0.190459145145743
0.1303,0.190458820265296
0.1304,0.190458495267158
0.1305,0.190458170151266
0.1306,0.190457844917556
0.1307,0.190457519565964
0.1308,0.190457194096426
0.1309,0.190456868508878
0.131,0.190456542803255
0.1311,0.190456216979493
0.1312,0.190455891037529
0.1313,0.190455564977296
0.1314,0.190455238798733
0.1315,0.190454912501773
0.1316,0.190454586086352
0.1317,0.190454259552406
0.1318,0.19045393289987
0.1319,0.19045360612868
0.132,0.190453279238771
0.1321,0.190452952230079
0.1322,0.190452625102537
0.1323,0.190452297856083
0.1324,0.19045197049065
0.1325,0.190451643006175
0.1326,0.190451315402591
0.1327,0.190450987679834
0.1328,0.190450659837839
0.1329,0.190450331876542
0.133,0.190450003795875
0.1331,0.190449675595776
0.1332,0.190449347276178
0.1333,0.190449018837016
0.1334,0.190448690278224
0.1335,0.190448361599738
0.1336,0.190448032801492
0.1337,0.190447703883421
0.1338,0.190447374845458
0.1339,0.190447045687539
0.134,0.190446716409598
0.1341,0.190446387011568
0.1342,0.190446057493386
0.1343,0.190445727854984
0.1344,0.190445398096296
0.1345,0.190445068217258
0.1346,0.190444738217803
0.1347,0.190444408097865
0.1348,0.190444077857378
0.1349,0.190443747496277
0.135,0.190443417014494
0.1351,0.190443086411965
0.1352,0.190442755688622
0.1353,0.1904424248444
0.1354,0.190442093879231
0.1355,0.190441762793051
0.1356,0.190441431585792
0.1357,0.190441100257389
0.1358,0.190440768807773
0.1359,0.19044043723688
0.136,0.190440105544643
0.1361,0.190439773730994
0.1362,0.190439441795867
0.1363,0.190439109739196
0.1364,0.190438777560914
0.1365,0.190438445260953
0.1366,0.190438112839248
0.1367,0.190437780295731
0.1368,0.190437447630334
0.1369,0.190437114842992
0.137,0.190436781933637
0.1371,0.190436448902202
0.1372,0.190436115748619
0.1373,0.190435782472822
0.1374,0.190435449074743
0.1375,0.190435115554316
0.1376,0.190434781911472
0.1377,0.190434448146144
0.1378,0.190434114258264
0.1379,0.190433780247767
0.138,0.190433446114582
0.1381,0.190433111858644
0.1382,0.190432777479884
0.1383,0.190432442978235
0.1384,0.190432108353629
0.1385,0.190431773605998
0.1386,0.190431438735274
0.1387,0.19043110374139
0.1388,0.190430768624277
0.1389,0.190430433383867
0.139,0.190430098020093
0.1391,0.190429762532886
0.1392,0.190429426922178
0.1393,0.190429091187901
0.1394,0.190428755329986
0.1395,0.190428419348366
0.1396,0.190428083242972
0.1397,0.190427747013735
0.1398,0.190427410660588
0.1399,0.190427074183461
0.14,0.190426737582286
0.1401,0.190426400856994
0.1402,0.190426064007517
0.1403,0.190425727033786
0.1404,0.190425389935732
0.1405,0.190425052713287
0.1406,0.190424715366381
0.1407,0.190424377894946
0.1408,0.190424040298913
0.1409,0.190423702578212
0.141,0.190423364732775
0.1411,0.190423026762533
0.1412,0.190422688667416
0.1413,0.190422350447355
0.1414,0.19042201210228
0.1415,0.190421673632123
0.1416,0.190421335036815
0.1417,0.190420996316285
0.1418,0.190420657470464
0.1419,0.190420318499283
0.142,0.190419979402672
0.1421,0.190419640180561
0.1422,0.190419300832882
0.1423,0.190418961359563
0.1424,0.190418621760536
0.1425,0.19041828203573
0.1426,0.190417942185075
0.1427,0.190417602208502
0.1428,0.190417262105941
0.1429,0.190416921877322
0.143,0.190416581522573
0.1431,0.190416241041626
0.1432,0.190415900434411
0.1433,0.190415559700856
0.1434,0.190415218840891
0.1435,0.190414877854447
0.1436,0.190414536741453
0.1437,0.190414195501838
0.1438,0.190413854135531
0.1439,0.190413512642463
0.144,0.190413171022563
0.1441,0.190412829275759
0.1442,0.190412487401982
0.1443,0.19041214540116
0.1444,0.190411803273223
0.1445,0.190411461018099
0.1446,0.190411118635719
0.1447,0.19041077612601
0.1448,0.190410433488901
0.1449,0.190410090724323
0.145,0.190409747832203
0.1451,0.19040940481247
0.1452,0.190409061665054
0.1453,0.190408718389882
0.1454,0.190408374986883
0.1455,0.190408031455987
0.1456,0.190407687797121
0.1457,0.190407344010214
0.1458,0.190407000095194
0.1459,0.190406656051991
0.146,0.190406311880531
0.1461,0.190405967580744
0.1462,0.190405623152557
0.1463,0.190405278595899
0.1464,0.190404933910699
0.1465,0.190404589096883
0.1466,0.190404244154379
0.1467,0.190403899083117
0.1468,0.190403553883024
0.1469,0.190403208554027
0.147,0.190402863096055
0.1471,0.190402517509034
0.1472,0.190402171792894
0.1473,0.190401825947561
0.1474,0.190401479972963
0.1475,0.190401133869027
0.1476,0.190400787635682
0.1477,0.190400441272853
0.1478,0.19040009478047
0.1479,0.190399748158458
0.148,0.190399401406746
0.1481,0.19039905452526
0.1482,0.190398707513928
0.1483,0.190398360372677
0.1484,0.190398013101433
0.1485,0.190397665700124
0.1486,0.190397318168676
0.1487,0.190396970507017
0.1488,0.190396622715073
0.1489,0.190396274792771
0.149,0.190395926740038
0.1491,0.1903955785568
0.1492,0.190395230242984
0.1493,0.190394881798516
0.1494,0.190394533223324
0.1495,0.190394184517332
0.1496,0.190393835680469
0.1497,0.190393486712659
0.1498,0.19039313761383
0.1499,0.190392788383907
0.15,0.190392439022817
0.1501,0.190392089530485
0.1502,0.190391739906838
0.1503,0.190391390151802
0.1504,0.190391040265303
0.1505,0.190390690247266
0.1506,0.190390340097617
0.1507,0.190389989816283
0.1508,0.190389639403188
0.1509,0.190389288858258
0.151,0.19038893818142
0.1511,0.190388587372598
0.1512,0.190388236431718
0.1513,0.190387885358706
0.1514,0.190387534153486
0.1515,0.190387182815984
0.1516,0.190386831346126
0.1517,0.190386479743836
0.1518,0.19038612800904
0.1519,0.190385776141663
0.152,0.190385424141629
0.1521,0.190385072008864
0.1522,0.190384719743293
0.1523,0.19038436734484
0.1524,0.190384014813431
0.1525,0.19038366214899
0.1526,0.190383309351441
0.1527,0.19038295642071
0.1528,0.19038260335672
0.1529,0.190382250159397
0.153,0.190381896828665
0.1531,0.190381543364448
0.1532,0.190381189766671
0.1533,0.190380836035258
0.1534,0.190380482170133
0.1535,0.19038012817122
0.1536,0.190379774038444
0.1537,0.190379419771728
0.1538,0.190379065370996
0.1539,0.190378710836173
0.154,0.190378356167183
0.1541,0.190378001363948
0.1542,0.190377646426393
0.1543,0.190377291354442
0.1544,0.190376936148019
0.1545,0.190376580807046
0.1546,0.190376225331447
0.1547,0.190375869721146
0.1548,0.190375513976067
0.1549,0.190375158096132
0.155,0.190374802081265
0.1551,0.19037444593139
0.1552,0.190374089646429
0.1553,0.190373733226305
0.1554,0.190373376670942
0.1555,0.190373019980262
0.1556,0.190372663154189
0.1557,0.190372306192646
0.1558,0.190371949095555
0.1559,0.190371591862838
0.156,0.19037123449442
0.1561,0.190370876990222
0.1562,0.190370519350167
0.1563,0.190370161574178
0.1564,0.190369803662177
0.1565,0.190369445614086
0.1566,0.190369087429828
0.1567,0.190368729109326
0.1568,0.190368370652501
0.1569,0.190368012059275
0.157,0.190367653329571
0.1571,0.190367294463311
0.1572,0.190366935460417
0.1573,0.190366576320811
0.1574,0.190366217044414
0.1575,0.190365857631149
0.1576,0.190365498080937
0.1577,0.1903651383937
0.1578,0.19036477856936
0.1579,0.190364418607838
0.158,0.190364058509056
0.1581,0.190363698272935
0.1582,0.190363337899396
0.1583,0.190362977388362
0.1584,0.190362616739753
0.1585,0.190362255953491
0.1586,0.190361895029496
0.1587,0.19036153396769
0.1588,0.190361172767994
0.1589,0.190360811430329
0.159,0.190360449954616
0.1591,0.190360088340776
0.1592,0.190359726588729
0.1593,0.190359364698396
0.1594,0.190359002669699
0.1595,0.190358640502556
0.1596,0.190358278196891
0.1597,0.190357915752621
0.1598,0.190357553169669
0.1599,0.190357190447955
0.16,0.190356827587398
0.1601,0.190356464587919
0.1602,0.190356101449439
0.1603,0.190355738171877
0.1604,0.190355374755153
0.1605,0.190355011199189
0.1606,0.190354647503902
0.1607,0.190354283669214
0.1608,0.190353919695045
0.1609,0.190353555581313
0.161,0.190353191327939
0.1611,0.190352826934843
0.1612,0.190352462401943
0.1613,0.19035209772916
0.1614,0.190351732916413
0.1615,0.190351367963622
0.1616,0.190351002870705
0.1617,0.190350637637582
0.1618,0.190350272264172
0.1619,0.190349906750395
0.162,0.190349541096169
0.1621,0.190349175301414
0.1622,0.190348809366048
0.1623,0.190348443289991
0.1624,0.190348077073161
0.1625,0.190347710715477
0.1626,0.190347344216858
0.1627,0.190346977577222
0.1628,0.190346610796488
0.1629,0.190346243874575
0.163,0.1903458768114
0.1631,0.190345509606883
0.1632,0.190345142260942
0.1633,0.190344774773495
0.1634,0.19034440714446
0.1635,0.190344039373756
0.1636,0.1903436714613
0.1637,0.190343303407011
0.1638,0.190342935210806
0.1639,0.190342566872604
0.164,0.190342198392322
0.1641,0.190341829769878
0.1642,0.19034146100519
0.1643,0.190341092098175
0.1644,0.190340723048751
0.1645,0.190340353856835
0.1646,0.190339984522346
0.1647,0.1903396150452
0.1648,0.190339245425315
0.1649,0.190338875662607
0.165,0.190338505756995
0.1651,0.190338135708395
0.1652,0.190337765516725
0.1653,0.190337395181901
0.1654,0.19033702470384
0.1655,0.190336654082459
0.1656,0.190336283317676
0.1657,0.190335912409406
0.1658,0.190335541357567
0.1659,0.190335170162075
0.166,0.190334798822847
0.1661,0.190334427339798
0.1662,0.190334055712847
0.1663,0.190333683941908
0.1664,0.190333312026899
0.1665,0.190332939967735
0.1666,0.190332567764333
0.1667,0.190332195416609
0.1668,0.190331822924478
0.1669,0.190331450287857
0.167,0.190331077506662
0.1671,0.190330704580809
0.1672,0.190330331510213
0.1673,0.19032995829479
0.1674,0.190329584934456
0.1675,0.190329211429126
0.1676,0.190328837778716
0.1677,0.190328463983141
0.1678,0.190328090042317
0.1679,0.190327715956158
0.168,0.190327341724581
0.1681,0.190326967347501
0.1682,0.190326592824832
0.1683,0.19032621815649
0.1684,0.190325843342389
0.1685,0.190325468382445
0.1686,0.190325093276572
0.1687,0.190324718024685
0.1688,0.190324342626699
0.1689,0.190323967082529
0.169,0.190323591392089
0.1691,0.190323215555294
0.1692,0.190322839572058
0.1693,0.190322463442295
0.1694,0.190322087165921
0.1695,0.190321710742848
0.1696,0.190321334172992
0.1697,0.190320957456266
0.1698,0.190320580592585
0.1699,0.190320203581862
0.17,0.190319826424012
0.1701,0.190319449118948
0.1702,0.190319071666584
0.1703,0.190318694066834
0.1704,0.190318316319611
0.1705,0.19031793842483
0.1706,0.190317560382403
0.1707,0.190317182192244
0.1708,0.190316803854267
0.1709,0.190316425368384
0.171,0.190316046734509
0.1711,0.190315667952556
0.1712,0.190315289022437
0.1713,0.190314909944065
0.1714,0.190314530717353
0.1715,0.190314151342215
0.1716,0.190313771818563
0.1717,0.190313392146309
0.1718,0.190313012325367
0.1719,0.19031263235565
0.172,0.190312252237069
0.1721,0.190311871969537
0.1722,0.190311491552968
0.1723,0.190311110987272
0.1724,0.190310730272362
0.1725,0.190310349408151
0.1726,0.190309968394551
0.1727,0.190309587231474
0.1728,0.190309205918832
0.1729,0.190308824456536
0.173,0.190308442844499
0.1731,0.190308061082633
0.1732,0.190307679170848
0.1733,0.190307297109058
0.1734,0.190306914897173
0.1735,0.190306532535106
0.1736,0.190306150022766
0.1737,0.190305767360067
0.1738,0.190305384546919
0.1739,0.190305001583233
0.174,0.190304618468922
0.1741,0.190304235203894
0.1742,0.190303851788063
0.1743,0.190303468221339
0.1744,0.190303084503632
0.1745,0.190302700634854
0.1746,0.190302316614915
0.1747,0.190301932443727
0.1748,0.190301548121198
0.1749,0.190301163647242
0.175,0.190300779021766
0.1751,0.190300394244683
0.1752,0.190300009315903
0.1753,0.190299624235335
0.1754,0.19029923900289
0.1755,0.190298853618478
0.1756,0.190298468082009
0.1757,0.190298082393393
0.1758,0.190297696552541
0.1759,0.190297310559361
0.176,0.190296924413764
0.1761,0.190296538115659
0.1762,0.190296151664956
0.1763,0.190295765061565
0.1764,0.190295378305394
0.1765,0.190294991396355
0.1766,0.190294604334355
0.1767,0.190294217119304
0.1768,0.190293829751111
0.1769,0.190293442229686
0.177,0.190293054554937
0.1771,0.190292666726774
0.1772,0.190292278745105
0.1773,0.190291890609839
0.1774,0.190291502320885
0.1775,0.190291113878152
0.1776,0.190290725281549
0.1777,0.190290336530983
0.1778,0.190289947626363
0.1779,0.190289558567599
0.178,0.190289169354597
0.1781,0.190288779987267
0.1782,0.190288390465516
0.1783,0.190288000789253
0.1784,0.190287610958386
0.1785,0.190287220972822
0.1786,0.19028683083247
0.1787,0.190286440537237
0.1788,0.190286050087032
0.1789,0.190285659481761
0.179,0.190285268721333
0.1791,0.190284877805655
0.1792,0.190284486734635
0.1793,0.190284095508179
0.1794,0.190283704126195
0.1795,0.190283312588591
0.1796,0.190282920895273
0.1797,0.190282529046149
0.1798,0.190282137041126
0.1799,0.19028174488011
0.18,0.190281352563008
0.1801,0.190280960089728
0.1802,0.190280567460176
0.1803,0.190280174674259
0.1804,0.190279781731883
0.1805,0.190279388632954
0.1806,0.19027899537738
0.1807,0.190278601965066
0.1808,0.190278208395919
0.1809,0.190277814669844
0.181,0.190277420786749
0.1811,0.190277026746539
0.1812,0.19027663254912
0.1813,0.190276238194399
0.1814,0.19027584368228
0.1815,0.190275449012669
0.1816,0.190275054185473
0.1817,0.190274659200597
0.1818,0.190274264057946
0.1819,0.190273868757425
0.182,0.190273473298941
0.1821,0.190273077682399
0.1822,0.190272681907703
0.1823,0.190272285974759
0.1824,0.190271889883472
0.1825,0.190271493633747
0.1826,0.190271097225489
0.1827,0.190270700658602
0.1828,0.190270303932992
0.1829,0.190269907048563
0.183,0.19026951000522
0.1831,0.190269112802867
0.1832,0.190268715441409
0.1833,0.19026831792075
0.1834,0.190267920240794
0.1835,0.190267522401446
0.1836,0.19026712440261
0.1837,0.190266726244189
0.1838,0.190266327926089
0.1839,0.190265929448212
0.184,0.190265530810463
0.1841,0.190265132012746
0.1842,0.190264733054963
0.1843,0.190264333937019
0.1844,0.190263934658818
0.1845,0.190263535220262
0.1846,0.190263135621255
0.1847,0.190262735861701
0.1848,0.190262335941502
0.1849,0.190261935860563
0.185,0.190261535618785
0.1851,0.190261135216071
0.1852,0.190260734652326
0.1853,0.190260333927451
0.1854,0.190259933041349
0.1855,0.190259531993924
0.1856,0.190259130785077
0.1857,0.190258729414711
0.1858,0.190258327882729
0.1859,0.190257926189033
0.186,0.190257524333525
0.1861,0.190257122316107
0.1862,0.190256720136682
0.1863,0.190256317795152
0.1864,0.190255915291418
0.1865,0.190255512625383
0.1866,0.190255109796948
0.1867,0.190254706806015
0.1868,0.190254303652486
0.1869,0.190253900336262
0.187,0.190253496857245
0.1871,0.190253093215336
0.1872,0.190252689410436
0.1873,0.190252285442447
0.1874,0.190251881311271
0.1875,0.190251477016807
0.1876,0.190251072558957
0.1877,0.190250667937623
0.1878,0.190250263152704
0.1879,0.190249858204102
0.188,0.190249453091717
0.1881,0.19024904781545
0.1882,0.190248642375201
0.1883,0.190248236770872
0.1884,0.190247831002362
0.1885,0.190247425069571
0.1886,0.1902470189724
0.1887,0.190246612710749
0.1888,0.190246206284519
0.1889,0.190245799693608
0.189,0.190245392937917
0.1891,0.190244986017345
0.1892,0.190244578931794
0.1893,0.190244171681161
0.1894,0.190243764265346
0.1895,0.19024335668425
0.1896,0.190242948937772
0.1897,0.19024254102581
0.1898,0.190242132948264
0.1899,0.190241724705033
0.19,0.190241316296017
0.1901,0.190240907721114
0.1902,0.190240498980223
0.1903,0.190240090073243
0.1904,0.190239681000073
0.1905,0.190239271760612
0.1906,0.190238862354757
0.1907,0.190238452782408
0.1908,0.190238043043463
0.1909,0.19023763313782
0.191,0.190237223065377
0.1911,0.190236812826033
0.1912,0.190236402419686
0.1913,0.190235991846234
0.1914,0.190235581105574
0.1915,0.190235170197605
0.1916,0.190234759122224
0.1917,0.190234347879329
0.1918,0.190233936468818
0.1919,0.190233524890588
0.192,0.190233113144536
0.1921,0.190232701230559
0.1922,0.190232289148556
0.1923,0.190231876898423
0.1924,0.190231464480058
0.1925,0.190231051893356
0.1926,0.190230639138216
0.1927,0.190230226214534
0.1928,0.190229813122206
0.1929,0.19022939986113
0.193,0.190228986431202
0.1931,0.190228572832319
0.1932,0.190228159064376
0.1933,0.190227745127271
0.1934,0.190227331020899
0.1935,0.190226916745157
0.1936,0.19022650229994
0.1937,0.190226087685145
0.1938,0.190225672900668
0.1939,0.190225257946404
0.194,0.190224842822249
0.1941,0.190224427528099
0.1942,0.190224012063849
0.1943,0.190223596429395
0.1944,0.190223180624633
0.1945,0.190222764649456
0.1946,0.190222348503762
0.1947,0.190221932187444
0.1948,0.190221515700398
0.1949,0.190221099042519
0.195,0.190220682213702
0.1951,0.190220265213841
0.1952,0.190219848042832
0.1953,0.190219430700568
0.1954,0.190219013186944
0.1955,0.190218595501856
0.1956,0.190218177645196
0.1957,0.19021775961686
0.1958,0.190217341416741
0.1959,0.190216923044734
0.196,0.190216504500732
0.1961,0.19021608578463
0.1962,0.190215666896322
0.1963,0.190215247835701
0.1964,0.19021482860266
0.1965,0.190214409197094
0.1966,0.190213989618896
0.1967,0.190213569867958
0.1968,0.190213149944176
0.1969,0.190212729847441
0.197,0.190212309577647
0.1971,0.190211889134687
0.1972,0.190211468518454
0.1973,0.19021104772884
0.1974,0.19021062676574
0.1975,0.190210205629044
0.1976,0.190209784318646
0.1977,0.190209362834438
0.1978,0.190208941176313
0.1979,0.190208519344164
0.198,0.190208097337881
0.1981,0.190207675157358
0.1982,0.190207252802486
0.1983,0.190206830273158
0.1984,0.190206407569266
0.1985,0.1902059846907
0.1986,0.190205561637354
0.1987,0.190205138409118
0.1988,0.190204715005884
0.1989,0.190204291427543
0.199,0.190203867673987
0.1991,0.190203443745108
0.1992,0.190203019640795
0.1993,0.190202595360941
0.1994,0.190202170905437
0.1995,0.190201746274172
0.1996,0.190201321467039
0.1997,0.190200896483927
0.1998,0.190200471324728
0.1999,0.190200045989331
0.2,0.190199620477628
0.2001,0.190199194789509
0.2002,0.190198768924864
0.2003,0.190198342883583
0.2004,0.190197916665556
0.2005,0.190197490270673
0.2006,0.190197063698824
0.2007,0.1901966369499
0.2008,0.190196210023789
0.2009,0.190195782920381
0.201,0.190195355639566
0.2011,0.190194928181234
0.2012,0.190194500545273
0.2013,0.190194072731573
0.2014,0.190193644740022
0.2015,0.190193216570512
0.2016,0.190192788222929
0.2017,0.190192359697163
0.2018,0.190191930993103
0.2019,0.190191502110637
0.202,0.190191073049654
0.2021,0.190190643810043
0.2022,0.190190214391692
0.2023,0.19018978479449
0.2024,0.190189355018324
0.2025,0.190188925063083
0.2026,0.190188494928654
0.2027,0.190188064614926
0.2028,0.190187634121787
0.2029,0.190187203449125
0.203,0.190186772596826
0.2031,0.190186341564779
0.2032,0.190185910352872
0.2033,0.190185478960991
0.2034,0.190185047389023
0.2035,0.190184615636857
0.2036,0.190184183704379
0.2037,0.190183751591476
0.2038,0.190183319298036
0.2039,0.190182886823944
0.204,0.190182454169088
0.2041,0.190182021333354
0.2042,0.19018158831663
0.2043,0.1901811551188
0.2044,0.190180721739753
0.2045,0.190180288179373
0.2046,0.190179854437548
0.2047,0.190179420514162
0.2048,0.190178986409103
0.2049,0.190178552122256
0.205,0.190178117653507
0.2051,0.190177683002741
0.2052,0.190177248169845
0.2053,0.190176813154703
0.2054,0.190176377957201
0.2055,0.190175942577225
0.2056,0.190175507014659
0.2057,0.190175071269389
0.2058,0.1901746353413
0.2059,0.190174199230276
0.206,0.190173762936202
0.2061,0.190173326458964
0.2062,0.190172889798446
0.2063,0.190172452954532
0.2064,0.190172015927107
0.2065,0.190171578716055
0.2066,0.19017114132126
0.2067,0.190170703742607
0.2068,0.190170265979979
0.2069,0.190169828033261
0.207,0.190169389902336
0.2071,0.190168951587088
0.2072,0.190168513087401
0.2073,0.190168074403159
0.2074,0.190167635534244
0.2075,0.19016719648054
0.2076,0.190166757241931
0.2077,0.1901663178183
0.2078,0.190165878209529
0.2079,0.190165438415502
0.208,0.190164998436101
0.2081,0.190164558271209
0.2082,0.19016411792071
0.2083,0.190163677384485
0.2084,0.190163236662417
0.2085,0.190162795754388
0.2086,0.190162354660281
0.2087,0.190161913379978
0.2088,0.190161471913361
0.2089,0.190161030260312
0.209,0.190160588420712
0.2091,0.190160146394444
0.2092,0.190159704181389
0.2093,0.19015926178143
0.2094,0.190158819194446
0.2095,0.19015837642032
0.2096,0.190157933458933
0.2097,0.190157490310166
0.2098,0.1901570469739
0.2099,0.190156603450017
0.21,0.190156159738396
0.2101,0.19015571583892
0.2102,0.190155271751467
0.2103,0.19015482747592
0.2104,0.190154383012159
0.2105,0.190153938360063
0.2106,0.190153493519514
0.2107,0.190153048490391
0.2108,0.190152603272574
0.2109,0.190152157865944
0.211,0.19015171227038
0.2111,0.190151266485762
0.2112,0.19015082051197
0.2113,0.190150374348883
0.2114,0.190149927996381
0.2115,0.190149481454342
0.2116,0.190149034722647
0.2117,0.190148587801175
0.2118,0.190148140689804
0.2119,0.190147693388413
0.212,0.190147245896882
0.2121,0.190146798215088
0.2122,0.190146350342912
0.2123,0.19014590228023
0.2124,0.190145454026922
0.2125,0.190145005582866
0.2126,0.19014455694794
0.2127,0.190144108122022
0.2128,0.19014365910499
0.2129,0.190143209896723
0.213,0.190142760497098
0.2131,0.190142310905992
0.2132,0.190141861123283
0.2133,0.19014141114885
0.2134,0.190140960982568
0.2135,0.190140510624316
0.2136,0.19014006007397
0.2137,0.190139609331408
0.2138,0.190139158396507
0.2139,0.190138707269143
0.214,0.190138255949193
0.2141,0.190137804436534
0.2142,0.190137352731043
0.2143,0.190136900832596
0.2144,0.190136448741069
0.2145,0.190135996456338
0.2146,0.19013554397828
0.2147,0.19013509130677
0.2148,0.190134638441685
0.2149,0.190134185382901
0.215,0.190133732130292
0.2151,0.190133278683735
0.2152,0.190132825043105
0.2153,0.190132371208277
0.2154,0.190131917179127
0.2155,0.19013146295553
0.2156,0.190131008537361
0.2157,0.190130553924495
0.2158,0.190130099116807
0.2159,0.190129644114171
0.216,0.190129188916463
0.2161,0.190128733523556
0.2162,0.190128277935325
0.2163,0.190127822151644
0.2164,0.190127366172388
0.2165,0.190126909997431
0.2166,0.190126453626646
0.2167,0.190125997059908
0.2168,0.190125540297091
0.2169,0.190125083338067
0.217,0.19012462618271
0.2171,0.190124168830895
0.2172,0.190123711282494
0.2173,0.19012325353738
0.2174,0.190122795595427
0.2175,0.190122337456508
0.2176,0.190121879120495
0.2177,0.190121420587262
0.2178,0.19012096185668
0.2179,0.190120502928623
0.218,0.190120043802963
0.2181,0.190119584479573
0.2182,0.190119124958324
0.2183,0.190118665239088
0.2184,0.190118205321739
0.2185,0.190117745206147
0.2186,0.190117284892184
0.2187,0.190116824379723
0.2188,0.190116363668634
0.2189,0.19011590275879
0.219,0.190115441650061
0.2191,0.190114980342319
0.2192,0.190114518835435
0.2193,0.190114057129279
0.2194,0.190113595223724
0.2195,0.190113133118639
0.2196,0.190112670813895
0.2197,0.190112208309364
0.2198,0.190111745604915
0.2199,0.190111282700418
0.22,0.190110819595744
0.2201,0.190110356290764
0.2202,0.190109892785346
0.2203,0.190109429079362
0.2204,0.19010896517268
0.2205,0.190108501065171
0.2206,0.190108036756703
0.2207,0.190107572247148
0.2208,0.190107107536373
0.2209,0.190106642624247
0.221,0.190106177510642
0.2211,0.190105712195424
0.2212,0.190105246678463
0.2213,0.190104780959628
0.2214,0.190104315038788
0.2215,0.19010384891581
0.2216,0.190103382590564
0.2217,0.190102916062917
0.2218,0.190102449332739
0.2219,0.190101982399896
0.222,0.190101515264258
0.2221,0.190101047925691
0.2222,0.190100580384064
0.2223,0.190100112639244
0.2224,0.190099644691099
0.2225,0.190099176539496
0.2226,0.190098708184302
0.2227,0.190098239625384
0.2228,0.190097770862611
0.2229,0.190097301895848
0.223,0.190096832724962
0.2231,0.19009636334982
0.2232,0.190095893770289
0.2233,0.190095423986235
0.2234,0.190094953997524
0.2235,0.190094483804023
0.2236,0.190094013405598
0.2237,0.190093542802115
0.2238,0.190093071993439
0.2239,0.190092600979437
0.224,0.190092129759974
0.2241,0.190091658334916
0.2242,0.190091186704127
0.2243,0.190090714867474
0.2244,0.190090242824822
0.2245,0.190089770576035
0.2246,0.190089298120979
0.2247,0.190088825459518
0.2248,0.190088352591517
0.2249,0.190087879516841
0.225,0.190087406235354
0.2251,0.190086932746921
0.2252,0.190086459051405
0.2253,0.190085985148672
0.2254,0.190085511038584
0.2255,0.190085036721005
0.2256,0.190084562195801
0.2257,0.190084087462833
0.2258,0.190083612521967
0.2259,0.190083137373064
0.226,0.190082662015988
0.2261,0.190082186450604
0.2262,0.190081710676772
0.2263,0.190081234694358
0.2264,0.190080758503222
0.2265,0.190080282103228
0.2266,0.190079805494239
0.2267,0.190079328676117
0.2268,0.190078851648725
0.2269,0.190078374411924
0.227,0.190077896965576
0.2271,0.190077419309544
0.2272,0.190076941443689
0.2273,0.190076463367873
0.2274,0.190075985081958
0.2275,0.190075506585805
0.2276,0.190075027879276
0.2277,0.190074548962231
0.2278,0.190074069834533
0.2279,0.190073590496041
0.228,0.190073110946616
0.2281,0.19007263118612
0.2282,0.190072151214414
0.2283,0.190071671031356
0.2284,0.190071190636809
0.2285,0.190070710030631
0.2286,0.190070229212684
0.2287,0.190069748182828
0.2288,0.190069266940921
0.2289,0.190068785486824
0.229,0.190068303820397
0.2291,0.190067821941499
0.2292,0.190067339849989
0.2293,0.190066857545727
0.2294,0.190066375028572
0.2295,0.190065892298382
0.2296,0.190065409355017
0.2297,0.190064926198336
0.2298,0.190064442828197
0.2299,0.190063959244458
0.23,0.190063475446979
0.2301,0.190062991435616
0.2302,0.190062507210229
0.2303,0.190062022770676
0.2304,0.190061538116814
0.2305,0.1900610532485
0.2306,0.190060568165594
0.2307,0.190060082867951
0.2308,0.190059597355431
0.2309,0.190059111627889
0.231,0.190058625685183
0.2311,0.190058139527169
0.2312,0.190057653153706
0.2313,0.190057166564649
0.2314,0.190056679759856
0.2315,0.190056192739182
0.2316,0.190055705502484
0.2317,0.190055218049618
0.2318,0.190054730380441
0.2319,0.190054242494808
0.232,0.190053754392576
0.2321,0.190053266073599
0.2322,0.190052777537734
0.2323,0.190052288784836
0.2324,0.19005179981476
0.2325,0.190051310627362
0.2326,0.190050821222497
0.2327,0.190050331600019
0.2328,0.190049841759783
0.2329,0.190049351701645
0.233,0.190048861425459
0.2331,0.190048370931078
0.2332,0.190047880218358
0.2333,0.190047389287153
0.2334,0.190046898137316
0.2335,0.190046406768702
0.2336,0.190045915181165
0.2337,0.190045423374557
0.2338,0.190044931348733
0.2339,0.190044439103546
0.234,0.19004394663885
0.2341,0.190043453954496
0.2342,0.190042961050339
0.2343,0.190042467926232
0.2344,0.190041974582026
0.2345,0.190041481017575
0.2346,0.190040987232731
0.2347,0.190040493227346
0.2348,0.190039999001273
0.2349,0.190039504554364
0.235,0.190039009886471
0.2351,0.190038514997445
0.2352,0.190038019887138
0.2353,0.190037524555402
0.2354,0.190037029002089
0.2355,0.190036533227048
0.2356,0.190036037230133
0.2357,0.190035541011193
0.2358,0.190035044570079
0.2359,0.190034547906643
0.236,0.190034051020735
0.2361,0.190033553912205
0.2362,0.190033056580904
0.2363,0.190032559026682
0.2364,0.190032061249388
0.2365,0.190031563248874
0.2366,0.190031065024989
0.2367,0.190030566577582
0.2368,0.190030067906503
0.2369,0.190029569011602
0.237,0.190029069892728
0.2371,0.190028570549729
0.2372,0.190028070982455
0.2373,0.190027571190755
0.2374,0.190027071174478
0.2375,0.190026570933471
0.2376,0.190026070467584
0.2377,0.190025569776665
0.2378,0.190025068860562
0.2379,0.190024567719124
0.238,0.190024066352197
0.2381,0.19002356475963
0.2382,0.19002306294127
0.2383,0.190022560896966
0.2384,0.190022058626563
0.2385,0.190021556129911
0.2386,0.190021053406855
0.2387,0.190020550457242
0.2388,0.19002004728092
0.2389,0.190019543877735
0.239,0.190019040247534
0.2391,0.190018536390162
0.2392,0.190018032305467
0.2393,0.190017527993295
0.2394,0.19001702345349
0.2395,0.1900165186859
0.2396,0.190016013690371
0.2397,0.190015508466746
0.2398,0.190015003014873
0.2399,0.190014497334595
0.24,0.190013991425759
0.2401,0.19001348528821
0.2402,0.190012978921792
0.2403,0.190012472326349
0.2404,0.190011965501728
0.2405,0.190011458447771
0.2406,0.190010951164324
0.2407,0.19001044365123
0.2408,0.190009935908334
0.2409,0.190009427935479
0.241,0.190008919732509
0.2411,0.190008411299268
0.2412,0.190007902635599
0.2413,0.190007393741346
0.2414,0.190006884616351
0.2415,0.190006375260458
0.2416,0.19000586567351
0.2417,0.190005355855349
0.2418,0.190004845805818
0.2419,0.19000433552476
0.242,0.190003825012016
0.2421,0.190003314267429
0.2422,0.190002803290841
0.2423,0.190002292082094
0.2424,0.190001780641029
0.2425,0.190001268967489
0.2426,0.190000757061314
0.2427,0.190000244922346
0.2428,0.189999732550427
0.2429,0.189999219945396
0.243,0.189998707107096
0.2431,0.189998194035366
0.2432,0.189997680730047
0.2433,0.189997167190981
0.2434,0.189996653418006
0.2435,0.189996139410964
0.2436,0.189995625169693
0.2437,0.189995110694035
0.2438,0.189994595983829
0.2439,0.189994081038914
0.244,0.18999356585913
0.2441,0.189993050444316
0.2442,0.189992534794311
0.2443,0.189992018908955
0.2444,0.189991502788085
0.2445,0.189990986431541
0.2446,0.189990469839162
0.2447,0.189989953010785
0.2448,0.189989435946249
0.2449,0.189988918645391
0.245,0.189988401108051
0.2451,0.189987883334066
0.2452,0.189987365323273
0.2453,0.18998684707551
0.2454,0.189986328590614
0.2455,0.189985809868422
0.2456,0.189985290908772
0.2457,0.189984771711501
0.2458,0.189984252276444
0.2459,0.18998373260344
0.246,0.189983212692323
0.2461,0.189982692542932
0.2462,0.189982172155101
0.2463,0.189981651528666
0.2464,0.189981130663465
0.2465,0.189980609559331
0.2466,0.189980088216102
0.2467,0.189979566633611
0.2468,0.189979044811696
0.2469,0.189978522750189
0.247,0.189978000448928
0.2471,0.189977477907746
0.2472,0.189976955126477
0.2473,0.189976432104958
0.2474,0.189975908843021
0.2475,0.189975385340501
0.2476,0.189974861597233
0.2477,0.189974337613049
0.2478,0.189973813387784
0.2479,0.189973288921272
0.248,0.189972764213345
0.2481,0.189972239263837
0.2482,0.189971714072581
0.2483,0.189971188639411
0.2484,0.189970662964158
0.2485,0.189970137046656
0.2486,0.189969610886737
0.2487,0.189969084484233
0.2488,0.189968557838977
0.2489,0.189968030950801
0.249,0.189967503819536
0.2491,0.189966976445015
0.2492,0.189966448827068
0.2493,0.189965920965528
0.2494,0.189965392860225
0.2495,0.189964864510991
0.2496,0.189964335917657
0.2497,0.189963807080053
0.2498,0.18996327799801
0.2499,0.189962748671359
0.25,0.189962219099929
0.2501,0.189961689283552
0.2502,0.189961159222056
0.2503,0.189960628915273
0.2504,0.189960098363031
0.2505,0.18995956756516
0.2506,0.18995903652149
0.2507,0.189958505231849
0.2508,0.189957973696068
0.2509,0.189957441913974
0.251,0.189956909885396
0.2511,0.189956377610164
0.2512,0.189955845088105
0.2513,0.189955312319048
0.2514,0.189954779302821
0.2515,0.189954246039252
0.2516,0.189953712528168
0.2517,0.189953178769397
0.2518,0.189952644762768
0.2519,0.189952110508106
0.252,0.18995157600524
0.2521,0.189951041253996
0.2522,0.1899505062542
0.2523,0.189949971005681
0.2524,0.189949435508264
0.2525,0.189948899761775
0.2526,0.189948363766041
0.2527,0.189947827520888
0.2528,0.189947291026142
0.2529,0.189946754281627
0.253,0.189946217287171
0.2531,0.189945680042598
0.2532,0.189945142547734
0.2533,0.189944604802403
0.2534,0.18994406680643
0.2535,0.189943528559641
0.2536,0.189942990061859
0.2537,0.189942451312909
0.2538,0.189941912312616
0.2539,0.189941373060803
0.254,0.189940833557294
0.2541,0.189940293801914
0.2542,0.189939753794485
0.2543,0.189939213534831
0.2544,0.189938673022775
0.2545,0.189938132258141
0.2546,0.189937591240751
0.2547,0.189937049970428
0.2548,0.189936508446994
0.2549,0.189935966670273
0.255,0.189935424640086
0.2551,0.189934882356255
0.2552,0.189934339818602
0.2553,0.18993379702695
0.2554,0.189933253981119
0.2555,0.189932710680931
0.2556,0.189932167126208
0.2557,0.189931623316769
0.2558,0.189931079252438
0.2559,0.189930534933033
0.256,0.189929990358375
0.2561,0.189929445528286
0.2562,0.189928900442585
0.2563,0.189928355101093
0.2564,0.189927809503628
0.2565,0.189927263650012
0.2566,0.189926717540063
0.2567,0.189926171173601
0.2568,0.189925624550445
0.2569,0.189925077670415
0.257,0.189924530533328
0.2571,0.189923983139005
0.2572,0.189923435487263
0.2573,0.18992288757792
0.2574,0.189922339410796
0.2575,0.189921790985707
0.2576,0.189921242302473
0.2577,0.18992069336091
0.2578,0.189920144160836
0.2579,0.189919594702068
0.258,0.189919044984424
0.2581,0.189918495007721
0.2582,0.189917944771775
0.2583,0.189917394276403
0.2584,0.189916843521422
0.2585,0.189916292506648
0.2586,0.189915741231896
0.2587,0.189915189696984
0.2588,0.189914637901726
0.2589,0.189914085845939
0.259,0.189913533529438
0.2591,0.189912980952038
0.2592,0.189912428113554
0.2593,0.189911875013801
0.2594,0.189911321652594
0.2595,0.189910768029747
0.2596,0.189910214145075
0.2597,0.189909659998392
0.2598,0.189909105589513
0.2599,0.18990855091825
0.26,0.189907995984418
0.2601,0.18990744078783
0.2602,0.1899068853283
0.2603,0.18990632960564
0.2604,0.189905773619664
0.2605,0.189905217370184
0.2606,0.189904660857014
0.2607,0.189904104079965
0.2608,0.18990354703885
0.2609,0.18990298973348
0.261,0.189902432163669
0.2611,0.189901874329227
0.2612,0.189901316229966
0.2613,0.189900757865697
0.2614,0.189900199236233
0.2615,0.189899640341383
0.2616,0.189899081180958
0.2617,0.18989852175477
0.2618,0.189897962062629
0.2619,0.189897402104344
0.262,0.189896841879727
0.2621,0.189896281388587
0.2622,0.189895720630733
0.2623,0.189895159605976
0.2624,0.189894598314125
0.2625,0.189894036754988
0.2626,0.189893474928376
0.2627,0.189892912834097
0.2628,0.189892350471959
0.2629,0.189891787841772
0.263,0.189891224943342
0.2631,0.18989066177648
0.2632,0.189890098340991
0.2633,0.189889534636685
0.2634,0.189888970663369
0.2635,0.189888406420849
0.2636,0.189887841908934
0.2637,0.189887277127431
0.2638,0.189886712076145
0.2639,0.189886146754885
0.264,0.189885581163456
0.2641,0.189885015301664
0.2642,0.189884449169316
0.2643,0.189883882766218
0.2644,0.189883316092175
0.2645,0.189882749146993
0.2646,0.189882181930478
0.2647,0.189881614442433
0.2648,0.189881046682665
0.2649,0.189880478650979
0.265,0.189879910347178
0.2651,0.189879341771067
0.2652,0.189878772922451
0.2653,0.189878203801133
0.2654,0.189877634406917
0.2655,0.189877064739608
0.2656,0.189876494799008
0.2657,0.189875924584921
0.2658,0.189875354097149
0.2659,0.189874783335497
0.266,0.189874212299766
0.2661,0.189873640989759
0.2662,0.189873069405278
0.2663,0.189872497546126
0.2664,0.189871925412105
0.2665,0.189871353003016
0.2666,0.18987078031866
0.2667,0.18987020735884
0.2668,0.189869634123357
0.2669,0.189869060612011
0.267,0.189868486824603
0.2671,0.189867912760934
0.2672,0.189867338420804
0.2673,0.189866763804015
0.2674,0.189866188910364
0.2675,0.189865613739654
0.2676,0.189865038291682
0.2677,0.189864462566249
0.2678,0.189863886563154
0.2679,0.189863310282197
0.268,0.189862733723175
0.2681,0.189862156885887
0.2682,0.189861579770133
0.2683,0.18986100237571
0.2684,0.189860424702417
0.2685,0.189859846750051
0.2686,0.18985926851841
0.2687,0.189858690007292
0.2688,0.189858111216494
0.2689,0.189857532145813
0.269,0.189856952795046
0.2691,0.18985637316399
0.2692,0.189855793252442
0.2693,0.189855213060197
0.2694,0.189854632587052
0.2695,0.189854051832803
0.2696,0.189853470797245
0.2697,0.189852889480175
0.2698,0.189852307881387
0.2699,0.189851726000677
0.27,0.189851143837839
0.2701,0.189850561392669
0.2702,0.189849978664961
0.2703,0.189849395654509
0.2704,0.189848812361108
0.2705,0.189848228784551
0.2706,0.189847644924632
0.2707,0.189847060781145
0.2708,0.189846476353883
0.2709,0.18984589164264
0.271,0.189845306647208
0.2711,0.18984472136738
0.2712,0.189844135802948
0.2713,0.189843549953706
0.2714,0.189842963819445
0.2715,0.189842377399956
0.2716,0.189841790695033
0.2717,0.189841203704466
0.2718,0.189840616428047
0.2719,0.189840028865566
0.272,0.189839441016815
0.2721,0.189838852881585
0.2722,0.189838264459666
0.2723,0.189837675750849
0.2724,0.189837086754923
0.2725,0.189836497471678
0.2726,0.189835907900905
0.2727,0.189835318042392
0.2728,0.189834727895929
0.2729,0.189834137461305
0.273,0.18983354673831
0.2731,0.18983295572673
0.2732,0.189832364426356
0.2733,0.189831772836976
0.2734,0.189831180958377
0.2735,0.189830588790347
0.2736,0.189829996332674
0.2737,0.189829403585145
0.2738,0.189828810547548
0.2739,0.18982821721967
0.274,0.189827623601298
0.2741,0.189827029692217
0.2742,0.189826435492215
0.2743,0.189825841001077
0.2744,0.18982524621859
0.2745,0.18982465114454
0.2746,0.189824055778712
0.2747,0.18982346012089
0.2748,0.189822864170862
0.2749,0.18982226792841
0.275,0.189821671393321
0.2751,0.189821074565379
0.2752,0.189820477444367
0.2753,0.189819880030071
0.2754,0.189819282322273
0.2755,0.189818684320758
0.2756,0.189818086025309
0.2757,0.189817487435709
0.2758,0.189816888551741
0.2759,0.189816289373188
0.276,0.189815689899833
0.2761,0.189815090131458
0.2762,0.189814490067845
0.2763,0.189813889708776
0.2764,0.189813289054033
0.2765,0.189812688103397
0.2766,0.18981208685665
0.2767,0.189811485313573
0.2768,0.189810883473946
0.2769,0.189810281337551
0.277,0.189809678904167
0.2771,0.189809076173575
0.2772,0.189808473145555
0.2773,0.189807869819887
0.2774,0.189807266196351
0.2775,0.189806662274724
0.2776,0.189806058054788
0.2777,0.189805453536321
0.2778,0.1898048487191
0.2779,0.189804243602906
0.278,0.189803638187516
0.2781,0.189803032472708
0.2782,0.18980242645826
0.2783,0.18980182014395
0.2784,0.189801213529555
0.2785,0.189800606614852
0.2786,0.189799999399618
0.2787,0.18979939188363
0.2788,0.189798784066664
0.2789,0.189798175948497
0.279,0.189797567528904
0.2791,0.189796958807662
0.2792,0.189796349784546
0.2793,0.189795740459332
0.2794,0.189795130831794
0.2795,0.189794520901707
0.2796,0.189793910668848
0.2797,0.189793300132989
0.2798,0.189792689293905
0.2799,0.18979207815137
0.28,0.189791466705158
0.2801,0.189790854955043
0.2802,0.189790242900797
0.2803,0.189789630542195
0.2804,0.189789017879008
0.2805,0.189788404911011
0.2806,0.189787791637974
0.2807,0.189787178059671
0.2808,0.189786564175874
0.2809,0.189785949986353
0.281,0.189785335490882
0.2811,0.18978472068923
0.2812,0.18978410558117
0.2813,0.189783490166472
0.2814,0.189782874444906
0.2815,0.189782258416244
0.2816,0.189781642080255
0.2817,0.189781025436709
0.2818,0.189780408485376
0.2819,0.189779791226026
0.282,0.189779173658428
0.2821,0.189778555782351
0.2822,0.189777937597563
0.2823,0.189777319103833
0.2824,0.189776700300931
0.2825,0.189776081188623
0.2826,0.189775461766677
0.2827,0.189774842034862
0.2828,0.189774221992944
0.2829,0.189773601640692
0.283,0.189772980977871
0.2831,0.189772360004248
0.2832,0.189771738719591
0.2833,0.189771117123665
0.2834,0.189770495216236
0.2835,0.189769872997071
0.2836,0.189769250465934
0.2837,0.189768627622591
0.2838,0.189768004466807
0.2839,0.189767380998346
0.284,0.189766757216975
0.2841,0.189766133122456
0.2842,0.189765508714554
0.2843,0.189764883993033
0.2844,0.189764258957657
0.2845,0.189763633608188
0.2846,0.189763007944391
0.2847,0.189762381966028
0.2848,0.189761755672862
0.2849,0.189761129064655
0.285,0.189760502141169
0.2851,0.189759874902167
0.2852,0.18975924734741
0.2853,0.18975861947666
0.2854,0.189757991289678
0.2855,0.189757362786225
0.2856,0.189756733966062
0.2857,0.189756104828949
0.2858,0.189755475374647
0.2859,0.189754845602916
0.286,0.189754215513515
0.2861,0.189753585106205
0.2862,0.189752954380744
0.2863,0.189752323336891
0.2864,0.189751691974407
0.2865,0.189751060293048
0.2866,0.189750428292574
0.2867,0.189749795972742
0.2868,0.18974916333331
0.2869,0.189748530374037
0.287,0.189747897094679
0.2871,0.189747263494994
0.2872,0.189746629574738
0.2873,0.189745995333669
0.2874,0.189745360771542
0.2875,0.189744725888113
0.2876,0.18974409068314
0.2877,0.189743455156376
0.2878,0.189742819307578
0.2879,0.189742183136501
0.288,0.1897415466429
0.2881,0.189740909826529
0.2882,0.189740272687143
0.2883,0.189739635224496
0.2884,0.189738997438343
0.2885,0.189738359328435
0.2886,0.189737720894528
0.2887,0.189737082136374
0.2888,0.189736443053726
0.2889,0.189735803646337
0.289,0.189735163913959
0.2891,0.189734523856344
0.2892,0.189733883473245
0.2893,0.189733242764413
0.2894,0.189732601729599
0.2895,0.189731960368554
0.2896,0.189731318681031
0.2897,0.189730676666778
0.2898,0.189730034325546
0.2899,0.189729391657086
0.29,0.189728748661148
0.2901,0.189728105337481
0.2902,0.189727461685834
0.2903,0.189726817705957
0.2904,0.189726173397599
0.2905,0.189725528760507
0.2906,0.189724883794431
0.2907,0.189724238499119
0.2908,0.189723592874318
0.2909,0.189722946919776
0.291,0.18972230063524
0.2911,0.189721654020457
0.2912,0.189721007075175
0.2913,0.189720359799139
0.2914,0.189719712192097
0.2915,0.189719064253793
0.2916,0.189718415983974
0.2917,0.189717767382386
0.2918,0.189717118448772
0.2919,0.18971646918288
0.292,0.189715819584453
0.2921,0.189715169653235
0.2922,0.189714519388971
0.2923,0.189713868791405
0.2924,0.189713217860281
0.2925,0.189712566595342
0.2926,0.18971191499633
0.2927,0.18971126306299
0.2928,0.189710610795063
0.2929,0.189709958192292
0.293,0.18970930525442
0.2931,0.189708651981187
0.2932,0.189707998372335
0.2933,0.189707344427607
0.2934,0.189706690146742
0.2935,0.189706035529481
0.2936,0.189705380575566
0.2937,0.189704725284736
0.2938,0.189704069656731
0.2939,0.189703413691291
0.294,0.189702757388155
0.2941,0.189702100747063
0.2942,0.189701443767753
0.2943,0.189700786449965
0.2944,0.189700128793436
0.2945,0.189699470797904
0.2946,0.189698812463107
0.2947,0.189698153788783
0.2948,0.18969749477467
0.2949,0.189696835420503
0.295,0.189696175726021
0.2951,0.189695515690958
0.2952,0.189694855315052
0.2953,0.189694194598039
0.2954,0.189693533539653
0.2955,0.189692872139631
0.2956,0.189692210397707
0.2957,0.189691548313617
0.2958,0.189690885887095
0.2959,0.189690223117874
0.296,0.18968956000569
0.2961,0.189688896550276
0.2962,0.189688232751364
0.2963,0.18968756860869
0.2964,0.189686904121984
0.2965,0.189686239290981
0.2966,0.189685574115412
0.2967,0.189684908595009
0.2968,0.189684242729505
0.2969,0.18968357651863
0.297,0.189682909962116
0.2971,0.189682243059693
0.2972,0.189681575811094
0.2973,0.189680908216047
0.2974,0.189680240274283
0.2975,0.189679571985532
0.2976,0.189678903349523
0.2977,0.189678234365986
0.2978,0.189677565034649
0.2979,0.189676895355242
0.298,0.189676225327492
0.2981,0.189675554951129
0.2982,0.189674884225879
0.2983,0.18967421315147
0.2984,0.18967354172763
0.2985,0.189672869954086
0.2986,0.189672197830563
0.2987,0.18967152535679
0.2988,0.189670852532491
0.2989,0.189670179357394
0.299,0.189669505831222
0.2991,0.189668831953702
0.2992,0.189668157724559
0.2993,0.189667483143517
0.2994,0.189666808210301
0.2995,0.189666132924634
0.2996,0.189665457286242
0.2997,0.189664781294847
0.2998,0.189664104950172
0.2999,0.189663428251941
0.3,0.189662751199876
0.3001,0.1896620737937
0.3002,0.189661396033135
0.3003,0.189660717917902
0.3004,0.189660039447724
0.3005,0.189659360622321
0.3006,0.189658681441414
0.3007,0.189658001904725
0.3008,0.189657322011972
0.3009,0.189656641762878
0.301,0.18965596115716
0.3011,0.189655280194539
0.3012,0.189654598874734
0.3013,0.189653917197464
0.3014,0.189653235162447
0.3015,0.189652552769402
0.3016,0.189651870018047
0.3017,0.189651186908099
0.3018,0.189650503439276
0.3019,0.189649819611296
0.302,0.189649135423873
0.3021,0.189648450876727
0.3022,0.189647765969571
0.3023,0.189647080702124
0.3024,0.189646395074099
0.3025,0.189645709085213
0.3026,0.18964502273518
0.3027,0.189644336023715
0.3028,0.189643648950534
0.3029,0.189642961515348
0.303,0.189642273717874
0.3031,0.189641585557824
0.3032,0.18964089703491
0.3033,0.189640208148848
0.3034,0.189639518899348
0.3035,0.189638829286123
0.3036,0.189638139308886
0.3037,0.189637448967347
0.3038,0.189636758261219
0.3039,0.189636067190212
0.304,0.189635375754037
0.3041,0.189634683952405
0.3042,0.189633991785026
0.3043,0.18963329925161
0.3044,0.189632606351866
0.3045,0.189631913085504
0.3046,0.189631219452232
0.3047,0.189630525451759
0.3048,0.189629831083794
0.3049,0.189629136348044
0.305,0.189628441244218
0.3051,0.189627745772022
0.3052,0.189627049931164
0.3053,0.189626353721351
0.3054,0.189625657142289
0.3055,0.189624960193684
0.3056,0.189624262875241
0.3057,0.189623565186668
0.3058,0.189622867127668
0.3059,0.189622168697947
0.306,0.189621469897209
0.3061,0.189620770725159
0.3062,0.189620071181501
0.3063,0.189619371265937
0.3064,0.189618670978173
0.3065,0.18961797031791
0.3066,0.189617269284851
0.3067,0.189616567878699
0.3068,0.189615866099155
0.3069,0.189615163945923
0.307,0.189614461418702
0.3071,0.189613758517194
0.3072,0.189613055241101
0.3073,0.189612351590121
0.3074,0.189611647563957
0.3075,0.189610943162306
0.3076,0.18961023838487
0.3077,0.189609533231347
0.3078,0.189608827701436
0.3079,0.189608121794835
0.308,0.189607415511244
0.3081,0.189606708850359
0.3082,0.189606001811878
0.3083,0.189605294395499
0.3084,0.189604586600919
0.3085,0.189603878427834
0.3086,0.18960316987594
0.3087,0.189602460944934
0.3088,0.189601751634511
0.3089,0.189601041944367
0.309,0.189600331874196
0.3091,0.189599621423693
0.3092,0.189598910592553
0.3093,0.189598199380469
0.3094,0.189597487787135
0.3095,0.189596775812245
0.3096,0.189596063455492
0.3097,0.189595350716568
0.3098,0.189594637595165
0.3099,0.189593924090976
0.31,0.189593210203693
0.3101,0.189592495933006
0.3102,0.189591781278607
0.3103,0.189591066240187
0.3104,0.189590350817436
0.3105,0.189589635010044
0.3106,0.1895889188177
0.3107,0.189588202240095
0.3108,0.189587485276916
0.3109,0.189586767927854
0.311,0.189586050192596
0.3111,0.18958533207083
0.3112,0.189584613562244
0.3113,0.189583894666525
0.3114,0.189583175383361
0.3115,0.189582455712438
0.3116,0.189581735653442
0.3117,0.18958101520606
0.3118,0.189580294369977
0.3119,0.189579573144879
0.312,0.18957885153045
0.3121,0.189578129526375
0.3122,0.189577407132339
0.3123,0.189576684348025
0.3124,0.189575961173118
0.3125,0.189575237607299
0.3126,0.189574513650254
0.3127,0.189573789301663
0.3128,0.189573064561209
0.3129,0.189572339428575
0.313,0.189571613903441
0.3131,0.189570887985489
0.3132,0.189570161674401
0.3133,0.189569434969855
0.3134,0.189568707871534
0.3135,0.189567980379115
0.3136,0.18956725249228
0.3137,0.189566524210707
0.3138,0.189565795534075
0.3139,0.189565066462062
0.314,0.189564336994347
0.3141,0.189563607130607
0.3142,0.18956287687052
0.3143,0.189562146213763
0.3144,0.189561415160012
0.3145,0.189560683708944
0.3146,0.189559951860234
0.3147,0.18955921961356
0.3148,0.189558486968595
0.3149,0.189557753925014
0.315,0.189557020482494
0.3151,0.189556286640706
0.3152,0.189555552399327
0.3153,0.189554817758028
0.3154,0.189554082716483
0.3155,0.189553347274366
0.3156,0.189552611431347
0.3157,0.189551875187101
0.3158,0.189551138541298
0.3159,0.189550401493609
0.316,0.189549664043706
0.3161,0.18954892619126
0.3162,0.18954818793594
0.3163,0.189547449277417
0.3164,0.189546710215361
0.3165,0.189545970749439
0.3166,0.189545230879323
0.3167,0.189544490604679
0.3168,0.189543749925176
0.3169,0.189543008840481
0.317,0.189542267350263
0.3171,0.189541525454189
0.3172,0.189540783151924
0.3173,0.189540040443135
0.3174,0.189539297327489
0.3175,0.189538553804651
0.3176,0.189537809874285
0.3177,0.189537065536058
0.3178,0.189536320789633
0.3179,0.189535575634674
0.318,0.189534830070846
0.3181,0.189534084097811
0.3182,0.189533337715233
0.3183,0.189532590922775
0.3184,0.189531843720098
0.3185,0.189531096106864
0.3186,0.189530348082736
0.3187,0.189529599647374
0.3188,0.189528850800438
0.3189,0.18952810154159
0.319,0.18952735187049
0.3191,0.189526601786796
0.3192,0.189525851290169
0.3193,0.189525100380268
0.3194,0.18952434905675
0.3195,0.189523597319274
0.3196,0.189522845167498
0.3197,0.189522092601079
0.3198,0.189521339619674
0.3199,0.189520586222941
0.32,0.189519832410534
0.3201,0.189519078182111
0.3202,0.189518323537326
0.3203,0.189517568475834
0.3204,0.189516812997292
0.3205,0.189516057101352
0.3206,0.189515300787669
0.3207,0.189514544055896
0.3208,0.189513786905687
0.3209,0.189513029336694
0.321,0.189512271348571
0.3211,0.189511512940968
0.3212,0.189510754113539
0.3213,0.189509994865933
0.3214,0.189509235197802
0.3215,0.189508475108797
0.3216,0.189507714598567
0.3217,0.189506953666762
0.3218,0.189506192313033
0.3219,0.189505430537027
0.322,0.189504668338393
0.3221,0.18950390571678
0.3222,0.189503142671835
0.3223,0.189502379203205
0.3224,0.189501615310539
0.3225,0.189500850993482
0.3226,0.18950008625168
0.3227,0.18949932108478
0.3228,0.189498555492427
0.3229,0.189497789474265
0.323,0.189497023029941
0.3231,0.189496256159097
0.3232,0.189495488861378
0.3233,0.189494721136427
0.3234,0.189493952983887
0.3235,0.189493184403402
0.3236,0.189492415394612
0.3237,0.189491645957161
0.3238,0.189490876090689
0.3239,0.189490105794838
0.324,0.189489335069249
0.3241,0.189488563913561
0.3242,0.189487792327414
0.3243,0.189487020310449
0.3244,0.189486247862304
0.3245,0.189485474982617
0.3246,0.189484701671028
0.3247,0.189483927927173
0.3248,0.189483153750691
0.3249,0.189482379141218
0.325,0.189481604098391
0.3251,0.189480828621847
0.3252,0.189480052711221
0.3253,0.189479276366148
0.3254,0.189478499586263
0.3255,0.189477722371202
0.3256,0.189476944720599
0.3257,0.189476166634086
0.3258,0.189475388111298
0.3259,0.189474609151867
0.326,0.189473829755427
0.3261,0.189473049921608
0.3262,0.189472269650044
0.3263,0.189471488940365
0.3264,0.189470707792202
0.3265,0.189469926205185
0.3266,0.189469144178946
0.3267,0.189468361713112
0.3268,0.189467578807314
0.3269,0.189466795461181
0.327,0.18946601167434
0.3271,0.189465227446421
0.3272,0.189464442777049
0.3273,0.189463657665853
0.3274,0.189462872112459
0.3275,0.189462086116494
0.3276,0.189461299677584
0.3277,0.189460512795353
0.3278,0.189459725469427
0.3279,0.18945893769943
0.328,0.189458149484988
0.3281,0.189457360825723
0.3282,0.189456571721258
0.3283,0.189455782171218
0.3284,0.189454992175224
0.3285,0.189454201732898
0.3286,0.189453410843862
0.3287,0.189452619507737
0.3288,0.189451827724145
0.3289,0.189451035492704
0.329,0.189450242813036
0.3291,0.18944944968476
0.3292,0.189448656107494
0.3293,0.189447862080858
0.3294,0.18944706760447
0.3295,0.189446272677947
0.3296,0.189445477300907
0.3297,0.189444681472966
0.3298,0.189443885193742
0.3299,0.189443088462849
0.33,0.189442291279905
0.3301,0.189441493644523
0.3302,0.189440695556319
0.3303,0.189439897014907
0.3304,0.189439098019901
0.3305,0.189438298570914
0.3306,0.189437498667559
0.3307,0.189436698309449
0.3308,0.189435897496195
0.3309,0.18943509622741
0.331,0.189434294502705
0.3311,0.18943349232169
0.3312,0.189432689683976
0.3313,0.189431886589172
0.3314,0.189431083036888
0.3315,0.189430279026734
0.3316,0.189429474558316
0.3317,0.189428669631245
0.3318,0.189427864245127
0.3319,0.189427058399569
0.332,0.189426252094178
0.3321,0.189425445328561
0.3322,0.189424638102324
0.3323,0.189423830415071
0.3324,0.189423022266408
0.3325,0.189422213655939
0.3326,0.189421404583268
0.3327,0.189420595047999
0.3328,0.189419785049736
0.3329,0.18941897458808
0.333,0.189418163662634
0.3331,0.189417352272999
0.3332,0.189416540418778
0.3333,0.189415728099571
0.3334,0.189414915314978
0.3335,0.189414102064599
0.3336,0.189413288348034
0.3337,0.189412474164881
0.3338,0.18941165951474
0.3339,0.189410844397209
0.334,0.189410028811885
0.3341,0.189409212758365
0.3342,0.189408396236246
0.3343,0.189407579245124
0.3344,0.189406761784595
0.3345,0.189405943854255
0.3346,0.189405125453698
0.3347,0.189404306582519
0.3348,0.189403487240311
0.3349,0.189402667426669
0.335,0.189401847141184
0.3351,0.189401026383451
0.3352,0.189400205153059
0.3353,0.189399383449603
0.3354,0.189398561272671
0.3355,0.189397738621856
0.3356,0.189396915496747
0.3357,0.189396091896933
0.3358,0.189395267822005
0.3359,0.189394443271551
0.336,0.189393618245159
0.3361,0.189392792742417
0.3362,0.189391966762913
0.3363,0.189391140306232
0.3364,0.189390313371963
0.3365,0.189389485959689
0.3366,0.189388658068998
0.3367,0.189387829699473
0.3368,0.1893870008507
0.3369,0.189386171522262
0.337,0.189385341713743
0.3371,0.189384511424725
0.3372,0.189383680654792
0.3373,0.189382849403526
0.3374,0.189382017670507
0.3375,0.189381185455317
0.3376,0.189380352757537
0.3377,0.189379519576747
0.3378,0.189378685912525
0.3379,0.189377851764453
0.338,0.189377017132107
0.3381,0.189376182015067
0.3382,0.18937534641291
0.3383,0.189374510325213
0.3384,0.189373673751552
0.3385,0.189372836691505
0.3386,0.189371999144646
0.3387,0.189371161110551
0.3388,0.189370322588795
0.3389,0.189369483578951
0.339,0.189368644080594
0.3391,0.189367804093297
0.3392,0.189366963616632
0.3393,0.189366122650171
0.3394,0.189365281193488
0.3395,0.189364439246151
0.3396,0.189363596807734
0.3397,0.189362753877804
0.3398,0.189361910455933
0.3399,0.18936106654169
0.34,0.189360222134643
0.3401,0.18935937723436
0.3402,0.18935853184041
0.3403,0.189357685952358
0.3404,0.189356839569773
0.3405,0.18935599269222
0.3406,0.189355145319265
0.3407,0.189354297450474
0.3408,0.18935344908541
0.3409,0.189352600223638
0.341,0.189351750864721
0.3411,0.189350901008224
0.3412,0.189350050653707
0.3413,0.189349199800734
0.3414,0.189348348448867
0.3415,0.189347496597665
0.3416,0.18934664424669
0.3417,0.189345791395502
0.3418,0.18934493804366
0.3419,0.189344084190723
0.342,0.189343229836251
0.3421,0.1893423749798
0.3422,0.189341519620928
0.3423,0.189340663759193
0.3424,0.18933980739415
0.3425,0.189338950525355
0.3426,0.189338093152365
0.3427,0.189337235274733
0.3428,0.189336376892015
0.3429,0.189335518003763
0.343,0.189334658609532
0.3431,0.189333798708873
0.3432,0.18933293830134
0.3433,0.189332077386483
0.3434,0.189331215963855
0.3435,0.189330354033005
0.3436,0.189329491593483
0.3437,0.189328628644841
0.3438,0.189327765186625
0.3439,0.189326901218385
0.344,0.18932603673967
0.3441,0.189325171750025
0.3442,0.189324306248999
0.3443,0.189323440236137
0.3444,0.189322573710986
0.3445,0.189321706673091
0.3446,0.189320839121996
0.3447,0.189319971057245
0.3448,0.189319102478383
0.3449,0.189318233384953
0.345,0.189317363776497
0.3451,0.189316493652556
0.3452,0.189315623012674
0.3453,0.18931475185639
0.3454,0.189313880183246
0.3455,0.18931300799278
0.3456,0.189312135284533
0.3457,0.189311262058042
0.3458,0.189310388312847
0.3459,0.189309514048485
0.346,0.189308639264493
0.3461,0.189307763960408
0.3462,0.189306888135766
0.3463,0.189306011790102
0.3464,0.189305134922951
0.3465,0.189304257533848
0.3466,0.189303379622326
0.3467,0.189302501187919
0.3468,0.189301622230159
0.3469,0.189300742748579
0.347,0.18929986274271
0.3471,0.189298982212083
0.3472,0.189298101156229
0.3473,0.189297219574677
0.3474,0.189296337466958
0.3475,0.189295454832599
0.3476,0.189294571671129
0.3477,0.189293687982075
0.3478,0.189292803764966
0.3479,0.189291919019327
0.348,0.189291033744684
0.3481,0.189290147940563
0.3482,0.189289261606488
0.3483,0.189288374741984
0.3484,0.189287487346574
0.3485,0.189286599419783
0.3486,0.189285710961131
0.3487,0.189284821970142
0.3488,0.189283932446336
0.3489,0.189283042389235
0.349,0.189282151798358
0.3491,0.189281260673226
0.3492,0.189280369013357
0.3493,0.18927947681827
0.3494,0.189278584087483
0.3495,0.189277690820514
0.3496,0.189276797016879
0.3497,0.189275902676094
0.3498,0.189275007797676
0.3499,0.189274112381138
0.35,0.189273216425996
0.3501,0.189272319931764
0.3502,0.189271422897954
0.3503,0.189270525324079
0.3504,0.189269627209653
0.3505,0.189268728554185
0.3506,0.189267829357188
0.3507,0.189266929618171
0.3508,0.189266029336644
0.3509,0.189265128512117
0.351,0.189264227144098
0.3511,0.189263325232094
0.3512,0.189262422775614
0.3513,0.189261519774165
0.3514,0.189260616227252
0.3515,0.18925971213438
0.3516,0.189258807495056
0.3517,0.189257902308784
0.3518,0.189256996575066
0.3519,0.189256090293408
0.352,0.18925518346331
0.3521,0.189254276084275
0.3522,0.189253368155805
0.3523,0.189252459677401
0.3524,0.189251550648562
0.3525,0.189250641068788
0.3526,0.189249730937578
0.3527,0.189248820254431
0.3528,0.189247909018844
0.3529,0.189246997230315
0.353,0.18924608488834
0.3531,0.189245171992414
0.3532,0.189244258542034
0.3533,0.189243344536694
0.3534,0.189242429975889
0.3535,0.18924151485911
0.3536,0.189240599185853
0.3537,0.189239682955608
0.3538,0.189238766167867
0.3539,0.189237848822122
0.354,0.189236930917863
0.3541,0.189236012454579
0.3542,0.18923509343176
0.3543,0.189234173848894
0.3544,0.18923325370547
0.3545,0.189232333000974
0.3546,0.189231411734893
0.3547,0.189230489906713
0.3548,0.18922956751592
0.3549,0.189228644561998
0.355,0.189227721044432
0.3551,0.189226796962704
0.3552,0.189225872316299
0.3553,0.189224947104698
0.3554,0.189224021327382
0.3555,0.189223094983833
0.3556,0.189222168073532
0.3557,0.189221240595957
0.3558,0.189220312550589
0.3559,0.189219383936904
0.356,0.189218454754382
0.3561,0.189217525002499
0.3562,0.189216594680732
0.3563,0.189215663788557
0.3564,0.189214732325448
0.3565,0.189213800290882
0.3566,0.18921286768433
0.3567,0.189211934505268
0.3568,0.189211000753167
0.3569,0.1892100664275
0.357,0.189209131527737
0.3571,0.18920819605335
0.3572,0.189207260003808
0.3573,0.189206323378582
0.3574,0.189205386177139
0.3575,0.189204448398949
0.3576,0.189203510043477
0.3577,0.189202571110192
0.3578,0.189201631598559
0.3579,0.189200691508043
0.358,0.18919975083811
0.3581,0.189198809588224
0.3582,0.189197867757848
0.3583,0.189196925346445
0.3584,0.189195982353477
0.3585,0.189195038778406
0.3586,0.189194094620693
0.3587,0.189193149879797
0.3588,0.189192204555178
0.3589,0.189191258646296
0.359,0.189190312152607
0.3591,0.18918936507357
0.3592,0.189188417408642
0.3593,0.189187469157279
0.3594,0.189186520318936
0.3595,0.189185570893067
0.3596,0.189184620879128
0.3597,0.189183670276572
0.3598,0.189182719084851
0.3599,0.189181767303417
0.36,0.189180814931722
0.3601,0.189179861969217
0.3602,0.189178908415352
0.3603,0.189177954269575
0.3604,0.189176999531337
0.3605,0.189176044200084
0.3606,0.189175088275264
0.3607,0.189174131756324
0.3608,0.18917317464271
0.3609,0.189172216933866
0.361,0.189171258629238
0.3611,0.18917029972827
0.3612,0.189169340230404
0.3613,0.189168380135083
0.3614,0.189167419441749
0.3615,0.189166458149843
0.3616,0.189165496258805
0.3617,0.189164533768075
0.3618,0.189163570677093
0.3619,0.189162606985295
0.362,0.189161642692121
0.3621,0.189160677797007
0.3622,0.189159712299388
0.3623,0.189158746198702
0.3624,0.189157779494381
0.3625,0.189156812185862
0.3626,0.189155844272576
0.3627,0.189154875753956
0.3628,0.189153906629435
0.3629,0.189152936898444
0.363,0.189151966560412
0.3631,0.189150995614771
0.3632,0.18915002406095
0.3633,0.189149051898375
0.3634,0.189148079126476
0.3635,0.189147105744679
0.3636,0.189146131752411
0.3637,0.189145157149097
0.3638,0.189144181934161
0.3639,0.189143206107028
0.364,0.189142229667121
0.3641,0.189141252613864
0.3642,0.189140274946676
0.3643,0.189139296664981
0.3644,0.189138317768198
0.3645,0.189137338255748
0.3646,0.189136358127048
0.3647,0.189135377381518
0.3648,0.189134396018574
0.3649,0.189133414037634
0.365,0.189132431438114
0.3651,0.189131448219429
0.3652,0.189130464380993
0.3653,0.189129479922221
0.3654,0.189128494842525
0.3655,0.189127509141318
0.3656,0.189126522818012
0.3657,0.189125535872017
0.3658,0.189124548302744
0.3659,0.189123560109602
0.366,0.189122571291999
0.3661,0.189121581849344
0.3662,0.189120591781044
0.3663,0.189119601086504
0.3664,0.189118609765132
0.3665,0.18911761781633
0.3666,0.189116625239505
0.3667,0.189115632034058
0.3668,0.189114638199394
0.3669,0.189113643734913
0.367,0.189112648640017
0.3671,0.189111652914106
0.3672,0.189110656556579
0.3673,0.189109659566836
0.3674,0.189108661944275
0.3675,0.189107663688292
0.3676,0.189106664798286
0.3677,0.18910566527365
0.3678,0.18910466511378
0.3679,0.189103664318071
0.368,0.189102662885916
0.3681,0.189101660816708
0.3682,0.189100658109838
0.3683,0.189099654764697
0.3684,0.189098650780677
0.3685,0.189097646157166
0.3686,0.189096640893554
0.3687,0.189095634989229
0.3688,0.189094628443577
0.3689,0.189093621255985
0.369,0.18909261342584
0.3691,0.189091604952525
0.3692,0.189090595835425
0.3693,0.189089586073924
0.3694,0.189088575667403
0.3695,0.189087564615245
0.3696,0.189086552916831
0.3697,0.18908554057154
0.3698,0.189084527578753
0.3699,0.189083513937847
0.37,0.189082499648201
0.3701,0.189081484709191
0.3702,0.189080469120194
0.3703,0.189079452880586
0.3704,0.18907843598974
0.3705,0.189077418447031
0.3706,0.189076400251831
0.3707,0.189075381403513
0.3708,0.189074361901448
0.3709,0.189073341745006
0.371,0.189072320933559
0.3711,0.189071299466473
0.3712,0.189070277343119
0.3713,0.189069254562862
0.3714,0.18906823112507
0.3715,0.189067207029108
0.3716,0.189066182274341
0.3717,0.189065156860133
0.3718,0.189064130785847
0.3719,0.189063104050847
0.372,0.189062076654493
0.3721,0.189061048596146
0.3722,0.189060019875166
0.3723,0.189058990490913
0.3724,0.189057960442744
0.3725,0.189056929730018
0.3726,0.189055898352091
0.3727,0.189054866308318
0.3728,0.189053833598055
0.3729,0.189052800220655
0.373,0.189051766175473
0.3731,0.189050731461861
0.3732,0.18904969607917
0.3733,0.189048660026751
0.3734,0.189047623303954
0.3735,0.189046585910128
0.3736,0.189045547844622
0.3737,0.189044509106783
0.3738,0.189043469695958
0.3739,0.189042429611492
0.374,0.18904138885273
0.3741,0.189040347419017
0.3742,0.189039305309695
0.3743,0.189038262524107
0.3744,0.189037219061595
0.3745,0.189036174921498
0.3746,0.189035130103158
0.3747,0.189034084605912
0.3748,0.189033038429099
0.3749,0.189031991572056
0.375,0.189030944034119
0.3751,0.189029895814625
0.3752,0.189028846912907
0.3753,0.189027797328299
0.3754,0.189026747060134
0.3755,0.189025696107745
0.3756,0.189024644470462
0.3757,0.189023592147615
0.3758,0.189022539138535
0.3759,0.189021485442549
0.376,0.189020431058985
0.3761,0.18901937598717
0.3762,0.18901832022643
0.3763,0.18901726377609
0.3764,0.189016206635474
0.3765,0.189015148803906
0.3766,0.189014090280706
0.3767,0.189013031065198
0.3768,0.189011971156702
0.3769,0.189010910554537
0.377,0.189009849258022
0.3771,0.189008787266475
0.3772,0.189007724579214
0.3773,0.189006661195553
0.3774,0.18900559711481
0.3775,0.189004532336296
0.3776,0.189003466859328
0.3777,0.189002400683216
0.3778,0.189001333807272
0.3779,0.189000266230808
0.378,0.188999197953132
0.3781,0.188998128973554
0.3782,0.188997059291383
0.3783,0.188995988905924
0.3784,0.188994917816484
0.3785,0.188993846022369
0.3786,0.188992773522883
0.3787,0.188991700317329
0.3788,0.188990626405009
0.3789,0.188989551785226
0.379,0.18898847645728
0.3791,0.188987400420471
0.3792,0.188986323674097
0.3793,0.188985246217457
0.3794,0.188984168049847
0.3795,0.188983089170565
0.3796,0.188982009578903
0.3797,0.188980929274158
0.3798,0.188979848255622
0.3799,0.188978766522587
0.38,0.188977684074346
0.3801,0.188976600910187
0.3802,0.188975517029402
0.3803,0.188974432431278
0.3804,0.188973347115103
0.3805,0.188972261080164
0.3806,0.188971174325746
0.3807,0.188970086851135
0.3808,0.188968998655614
0.3809,0.188967909738466
0.381,0.188966820098973
0.3811,0.188965729736417
0.3812,0.188964638650076
0.3813,0.18896354683923
0.3814,0.188962454303158
0.3815,0.188961361041136
0.3816,0.188960267052441
0.3817,0.188959172336348
0.3818,0.188958076892131
0.3819,0.188956980719064
0.382,0.188955883816418
0.3821,0.188954786183466
0.3822,0.188953687819478
0.3823,0.188952588723722
0.3824,0.188951488895469
0.3825,0.188950388333984
0.3826,0.188949287038535
0.3827,0.188948185008387
0.3828,0.188947082242804
0.3829,0.188945978741051
0.383,0.18894487450239
0.3831,0.188943769526082
0.3832,0.188942663811388
0.3833,0.188941557357568
0.3834,0.18894045016388
0.3835,0.188939342229582
0.3836,0.188938233553931
0.3837,0.188937124136182
0.3838,0.18893601397559
0.3839,0.188934903071409
0.384,0.18893379142289
0.3841,0.188932679029287
0.3842,0.188931565889849
0.3843,0.188930452003827
0.3844,0.188929337370468
0.3845,0.188928221989021
0.3846,0.188927105858732
0.3847,0.188925988978847
0.3848,0.18892487134861
0.3849,0.188923752967265
0.385,0.188922633834055
0.3851,0.18892151394822
0.3852,0.188920393309002
0.3853,0.188919271915641
0.3854,0.188918149767373
0.3855,0.188917026863438
0.3856,0.188915903203071
0.3857,0.188914778785508
0.3858,0.188913653609984
0.3859,0.188912527675731
0.386,0.188911400981981
0.3861,0.188910273527967
0.3862,0.188909145312918
0.3863,0.188908016336064
0.3864,0.188906886596632
0.3865,0.188905756093851
0.3866,0.188904624826945
0.3867,0.188903492795139
0.3868,0.188902359997659
0.3869,0.188901226433727
0.387,0.188900092102564
0.3871,0.188898957003391
0.3872,0.188897821135429
0.3873,0.188896684497895
0.3874,0.188895547090008
0.3875,0.188894408910984
0.3876,0.188893269960039
0.3877,0.188892130236387
0.3878,0.188890989739241
0.3879,0.188889848467814
0.388,0.188888706421316
0.3881,0.18888756359896
0.3882,0.188886419999952
0.3883,0.188885275623501
0.3884,0.188884130468815
0.3885,0.188882984535099
0.3886,0.188881837821558
0.3887,0.188880690327395
0.3888,0.188879542051814
0.3889,0.188878392994015
0.389,0.1888772431532
0.3891,0.188876092528567
0.3892,0.188874941119315
0.3893,0.18887378892464
0.3894,0.18887263594374
0.3895,0.188871482175809
0.3896,0.188870327620041
0.3897,0.188869172275629
0.3898,0.188868016141763
0.3899,0.188866859217636
0.39,0.188865701502437
0.3901,0.188864542995352
0.3902,0.188863383695571
0.3903,0.188862223602279
0.3904,0.188861062714662
0.3905,0.188859901031902
0.3906,0.188858738553183
0.3907,0.188857575277686
0.3908,0.188856411204593
0.3909,0.188855246333082
0.391,0.188854080662331
0.3911,0.188852914191519
0.3912,0.18885174691982
0.3913,0.18885057884641
0.3914,0.188849409970463
0.3915,0.188848240291151
0.3916,0.188847069807645
0.3917,0.188845898519117
0.3918,0.188844726424734
0.3919,0.188843553523666
0.392,0.18884237981508
0.3921,0.18884120529814
0.3922,0.188840029972012
0.3923,0.188838853835859
0.3924,0.188837676888843
0.3925,0.188836499130126
0.3926,0.188835320558867
0.3927,0.188834141174226
0.3928,0.18883296097536
0.3929,0.188831779961426
0.393,0.188830598131578
0.3931,0.188829415484972
0.3932,0.18882823202076
0.3933,0.188827047738094
0.3934,0.188825862636124
0.3935,0.188824676714001
0.3936,0.188823489970872
0.3937,0.188822302405885
0.3938,0.188821114018186
0.3939,0.188819924806918
0.394,0.188818734771227
0.3941,0.188817543910255
0.3942,0.188816352223141
0.3943,0.188815159709028
0.3944,0.188813966367053
0.3945,0.188812772196354
0.3946,0.188811577196067
0.3947,0.188810381365328
0.3948,0.188809184703271
0.3949,0.188807987209029
0.395,0.188806788881732
0.3951,0.188805589720512
0.3952,0.188804389724499
0.3953,0.188803188892818
0.3954,0.188801987224599
0.3955,0.188800784718965
0.3956,0.188799581375042
0.3957,0.188798377191953
0.3958,0.188797172168819
0.3959,0.188795966304761
0.396,0.188794759598898
0.3961,0.18879355205035
0.3962,0.188792343658232
0.3963,0.18879113442166
0.3964,0.18878992433975
0.3965,0.188788713411614
0.3966,0.188787501636364
0.3967,0.188786289013111
0.3968,0.188785075540965
0.3969,0.188783861219033
0.397,0.188782646046424
0.3971,0.188781430022242
0.3972,0.188780213145592
0.3973,0.188778995415578
0.3974,0.188777776831301
0.3975,0.188776557391863
0.3976,0.188775337096363
0.3977,0.188774115943898
0.3978,0.188772893933567
0.3979,0.188771671064464
0.398,0.188770447335684
0.3981,0.188769222746321
0.3982,0.188767997295466
0.3983,0.188766770982209
0.3984,0.188765543805641
0.3985,0.188764315764849
0.3986,0.188763086858919
0.3987,0.188761857086938
0.3988,0.188760626447989
0.3989,0.188759394941156
0.399,0.188758162565519
0.3991,0.18875692932016
0.3992,0.188755695204157
0.3993,0.188754460216588
0.3994,0.18875322435653
0.3995,0.188751987623057
0.3996,0.188750750015242
0.3997,0.18874951153216
0.3998,0.18874827217288
0.3999,0.188747031936473
0.4,0.188745790822007
0.4001,0.18874454882855
0.4002,0.188743305955167
0.4003,0.188742062200922
0.4004,0.18874081756488
0.4005,0.188739572046101
0.4006,0.188738325643647
0.4007,0.188737078356576
0.4008,0.188735830183948
0.4009,0.188734581124817
0.401,0.18873333117824
0.4011,0.18873208034327
0.4012,0.18873082861896
0.4013,0.188729576004361
0.4014,0.188728322498523
0.4015,0.188727068100494
0.4016,0.188725812809322
0.4017,0.188724556624051
0.4018,0.188723299543728
0.4019,0.188722041567394
0.402,0.188720782694091
0.4021,0.18871952292286
0.4022,0.18871826225274
0.4023,0.188717000682768
0.4024,0.18871573821198
0.4025,0.188714474839412
0.4026,0.188713210564096
0.4027,0.188711945385065
0.4028,0.188710679301349
0.4029,0.188709412311978
0.403,0.18870814441598
0.4031,0.188706875612381
0.4032,0.188705605900206
0.4033,0.188704335278479
0.4034,0.188703063746222
0.4035,0.188701791302456
0.4036,0.188700517946201
0.4037,0.188699243676475
0.4038,0.188697968492294
0.4039,0.188696692392675
0.404,0.188695415376629
0.4041,0.188694137443171
0.4042,0.188692858591311
0.4043,0.188691578820059
0.4044,0.188690298128423
0.4045,0.188689016515409
0.4046,0.188687733980024
0.4047,0.18868645052127
0.4048,0.188685166138151
0.4049,0.188683880829668
0.405,0.188682594594819
0.4051,0.188681307432604
0.4052,0.188680019342018
0.4053,0.188678730322058
0.4054,0.188677440371716
0.4055,0.188676149489986
0.4056,0.188674857675858
0.4057,0.188673564928321
0.4058,0.188672271246364
0.4059,0.188670976628974
0.406,0.188669681075134
0.4061,0.188668384583829
0.4062,0.188667087154041
0.4063,0.18866578878475
0.4064,0.188664489474936
0.4065,0.188663189223576
0.4066,0.188661888029647
0.4067,0.188660585892123
0.4068,0.188659282809977
0.4069,0.188657978782181
0.407,0.188656673807706
0.4071,0.18865536788552
0.4072,0.18865406101459
0.4073,0.188652753193882
0.4074,0.188651444422361
0.4075,0.188650134698988
0.4076,0.188648824022726
0.4077,0.188647512392534
0.4078,0.18864619980737
0.4079,0.188644886266191
0.408,0.188643571767952
0.4081,0.188642256311606
0.4082,0.188640939896106
0.4083,0.188639622520403
0.4084,0.188638304183445
0.4085,0.18863698488418
0.4086,0.188635664621553
0.4087,0.18863434339451
0.4088,0.188633021201993
0.4089,0.188631698042944
0.409,0.188630373916302
0.4091,0.188629048821005
0.4092,0.188627722755991
0.4093,0.188626395720194
0.4094,0.188625067712548
0.4095,0.188623738731985
0.4096,0.188622408777436
0.4097,0.188621077847829
0.4098,0.188619745942091
0.4099,0.188618413059149
0.41,0.188617079197927
0.4101,0.188615744357346
0.4102,0.188614408536329
0.4103,0.188613071733794
0.4104,0.18861173394866
0.4105,0.188610395179842
0.4106,0.188609055426255
0.4107,0.188607714686813
0.4108,0.188606372960426
0.4109,0.188605030246005
0.411,0.188603686542457
0.4111,0.18860234184869
0.4112,0.188600996163608
0.4113,0.188599649486115
0.4114,0.188598301815113
0.4115,0.188596953149501
0.4116,0.188595603488179
0.4117,0.188594252830042
0.4118,0.188592901173987
0.4119,0.188591548518907
0.412,0.188590194863694
0.4121,0.188588840207239
0.4122,0.18858748454843
0.4123,0.188586127886153
0.4124,0.188584770219296
0.4125,0.188583411546741
0.4126,0.18858205186737
0.4127,0.188580691180065
0.4128,0.188579329483703
0.4129,0.188577966777162
0.413,0.188576603059318
0.4131,0.188575238329044
0.4132,0.188573872585212
0.4133,0.188572505826694
0.4134,0.188571138052356
0.4135,0.188569769261068
0.4136,0.188568399451693
0.4137,0.188567028623097
0.4138,0.18856565677414
0.4139,0.188564283903684
0.414,0.188562910010586
0.4141,0.188561535093704
0.4142,0.188560159151893
0.4143,0.188558782184007
0.4144,0.188557404188897
0.4145,0.188556025165414
0.4146,0.188554645112405
0.4147,0.188553264028718
0.4148,0.188551881913197
0.4149,0.188550498764686
0.415,0.188549114582026
0.4151,0.188547729364057
0.4152,0.188546343109617
0.4153,0.188544955817542
0.4154,0.188543567486667
0.4155,0.188542178115824
0.4156,0.188540787703845
0.4157,0.188539396249559
0.4158,0.188538003751793
0.4159,0.188536610209373
0.416,0.188535215621124
0.4161,0.188533819985866
0.4162,0.188532423302422
0.4163,0.188531025569609
0.4164,0.188529626786245
0.4165,0.188528226951144
0.4166,0.18852682606312
0.4167,0.188525424120985
0.4168,0.188524021123548
0.4169,0.188522617069618
0.417,0.188521211958
0.4171,0.188519805787499
0.4172,0.188518398556918
0.4173,0.188516990265057
0.4174,0.188515580910715
0.4175,0.18851417049269
0.4176,0.188512759009776
0.4177,0.188511346460768
0.4178,0.188509932844457
0.4179,0.188508518159633
0.418,0.188507102405084
0.4181,0.188505685579596
0.4182,0.188504267681954
0.4183,0.18850284871094
0.4184,0.188501428665335
0.4185,0.188500007543918
0.4186,0.188498585345465
0.4187,0.188497162068752
0.4188,0.188495737712553
0.4189,0.188494312275638
0.419,0.188492885756777
0.4191,0.188491458154738
0.4192,0.188490029468286
0.4193,0.188488599696186
0.4194,0.1884871688372
0.4195,0.188485736890088
0.4196,0.188484303853608
0.4197,0.188482869726516
0.4198,0.188481434507567
0.4199,0.188479998195514
0.42,0.188478560789108
0.4201,0.188477122287096
0.4202,0.188475682688227
0.4203,0.188474241991245
0.4204,0.188472800194893
0.4205,0.188471357297912
0.4206,0.188469913299042
0.4207,0.18846846819702
0.4208,0.188467021990581
0.4209,0.188465574678458
0.421,0.188464126259384
0.4211,0.188462676732088
0.4212,0.188461226095297
0.4213,0.188459774347737
0.4214,0.188458321488131
0.4215,0.188456867515202
0.4216,0.18845541242767
0.4217,0.188453956224252
0.4218,0.188452498903663
0.4219,0.188451040464619
0.422,0.188449580905831
0.4221,0.188448120226008
0.4222,0.188446658423859
0.4223,0.18844519549809
0.4224,0.188443731447405
0.4225,0.188442266270505
0.4226,0.188440799966091
0.4227,0.188439332532861
0.4228,0.18843786396951
0.4229,0.188436394274734
0.423,0.188434923447222
0.4231,0.188433451485667
0.4232,0.188431978388755
0.4233,0.188430504155173
0.4234,0.188429028783603
0.4235,0.188427552272729
0.4236,0.18842607462123
0.4237,0.188424595827784
0.4238,0.188423115891066
0.4239,0.188421634809751
0.424,0.188420152582509
0.4241,0.18841866920801
0.4242,0.188417184684923
0.4243,0.188415699011911
0.4244,0.18841421218764
0.4245,0.188412724210769
0.4246,0.188411235079958
0.4247,0.188409744793865
0.4248,0.188408253351144
0.4249,0.188406760750448
0.425,0.188405266990429
0.4251,0.188403772069734
0.4252,0.188402275987012
0.4253,0.188400778740905
0.4254,0.188399280330057
0.4255,0.188397780753109
0.4256,0.188396280008697
0.4257,0.188394778095459
0.4258,0.188393275012029
0.4259,0.188391770757037
0.426,0.188390265329115
0.4261,0.18838875872689
0.4262,0.188387250948986
0.4263,0.188385741994028
0.4264,0.188384231860636
0.4265,0.18838272054743
0.4266,0.188381208053026
0.4267,0.188379694376039
0.4268,0.188378179515081
0.4269,0.188376663468763
0.427,0.188375146235694
0.4271,0.188373627814478
0.4272,0.18837210820372
0.4273,0.188370587402022
0.4274,0.188369065407982
0.4275,0.188367542220199
0.4276,0.188366017837266
0.4277,0.188364492257777
0.4278,0.188362965480323
0.4279,0.188361437503492
0.428,0.188359908325869
0.4281,0.18835837794604
0.4282,0.188356846362585
0.4283,0.188355313574085
0.4284,0.188353779579115
0.4285,0.188352244376253
0.4286,0.188350707964069
0.4287,0.188349170341135
0.4288,0.188347631506019
0.4289,0.188346091457287
0.429,0.188344550193503
0.4291,0.188343007713228
0.4292,0.188341464015021
0.4293,0.18833991909744
0.4294,0.188338372959038
0.4295,0.188336825598369
0.4296,0.188335277013983
0.4297,0.188333727204426
0.4298,0.188332176168245
0.4299,0.188330623903983
0.43,0.18832907041018
0.4301,0.188327515685376
0.4302,0.188325959728106
0.4303,0.188324402536905
0.4304,0.188322844110303
0.4305,0.188321284446831
0.4306,0.188319723545015
0.4307,0.188318161403379
0.4308,0.188316598020447
0.4309,0.188315033394737
0.431,0.188313467524768
0.4311,0.188311900409054
0.4312,0.188310332046108
0.4313,0.188308762434442
0.4314,0.188307191572562
0.4315,0.188305619458975
0.4316,0.188304046092183
0.4317,0.188302471470689
0.4318,0.18830089559299
0.4319,0.188299318457582
0.432,0.188297740062959
0.4321,0.188296160407613
0.4322,0.188294579490033
0.4323,0.188292997308704
0.4324,0.188291413862111
0.4325,0.188289829148736
0.4326,0.188288243167058
0.4327,0.188286655915553
0.4328,0.188285067392697
0.4329,0.18828347759696
0.433,0.188281886526813
0.4331,0.188280294180722
0.4332,0.188278700557153
0.4333,0.188277105654566
0.4334,0.188275509471421
0.4335,0.188273912006177
0.4336,0.188272313257286
0.4337,0.188270713223203
0.4338,0.188269111902375
0.4339,0.188267509293251
0.434,0.188265905394275
0.4341,0.188264300203889
0.4342,0.188262693720533
0.4343,0.188261085942644
0.4344,0.188259476868657
0.4345,0.188257866497004
0.4346,0.188256254826114
0.4347,0.188254641854414
0.4348,0.18825302758033
0.4349,0.188251412002282
0.435,0.18824979511869
0.4351,0.188248176927972
0.4352,0.188246557428541
0.4353,0.18824493661881
0.4354,0.188243314497186
0.4355,0.188241691062078
0.4356,0.188240066311888
0.4357,0.188238440245019
0.4358,0.188236812859868
0.4359,0.188235184154834
0.436,0.188233554128308
0.4361,0.188231922778682
0.4362,0.188230290104344
0.4363,0.18822865610368
0.4364,0.188227020775074
0.4365,0.188225384116906
0.4366,0.188223746127553
0.4367,0.188222106805392
0.4368,0.188220466148793
0.4369,0.188218824156129
0.437,0.188217180825765
0.4371,0.188215536156066
0.4372,0.188213890145395
0.4373,0.188212242792111
0.4374,0.18821059409457
0.4375,0.188208944051127
0.4376,0.188207292660131
0.4377,0.188205639919933
0.4378,0.188203985828878
0.4379,0.188202330385309
0.438,0.188200673587567
0.4381,0.188199015433989
0.4382,0.18819735592291
0.4383,0.188195695052662
0.4384,0.188194032821576
0.4385,0.188192369227978
0.4386,0.188190704270191
0.4387,0.188189037946538
0.4388,0.188187370255336
0.4389,0.188185701194903
0.439,0.188184030763549
0.4391,0.188182358959587
0.4392,0.188180685781323
0.4393,0.188179011227062
0.4394,0.188177335295106
0.4395,0.188175657983754
0.4396,0.188173979291303
0.4397,0.188172299216045
0.4398,0.188170617756272
0.4399,0.188168934910271
0.44,0.188167250676328
0.4401,0.188165565052724
0.4402,0.188163878037739
0.4403,0.18816218962965
0.4404,0.188160499826731
0.4405,0.188158808627251
0.4406,0.18815711602948
0.4407,0.188155422031681
0.4408,0.188153726632118
0.4409,0.18815202982905
0.441,0.188150331620733
0.4411,0.188148632005422
0.4412,0.188146930981365
0.4413,0.188145228546812
0.4414,0.188143524700007
0.4415,0.188141819439193
0.4416,0.188140112762608
0.4417,0.188138404668488
0.4418,0.188136695155067
0.4419,0.188134984220574
0.442,0.188133271863238
0.4421,0.188131558081283
0.4422,0.188129842872929
0.4423,0.188128126236396
0.4424,0.188126408169899
0.4425,0.18812468867165
0.4426,0.188122967739859
0.4427,0.188121245372732
0.4428,0.188119521568474
0.4429,0.188117796325284
0.443,0.18811606964136
0.4431,0.188114341514897
0.4432,0.188112611944086
0.4433,0.188110880927116
0.4434,0.188109148462171
0.4435,0.188107414547436
0.4436,0.188105679181088
0.4437,0.188103942361305
0.4438,0.188102204086259
0.4439,0.18810046435412
0.444,0.188098723163057
0.4441,0.188096980511232
0.4442,0.188095236396808
0.4443,0.188093490817941
0.4444,0.188091743772787
0.4445,0.188089995259497
0.4446,0.18808824527622
0.4447,0.188086493821102
0.4448,0.188084740892284
0.4449,0.188082986487906
0.445,0.188081230606104
0.4451,0.188079473245012
0.4452,0.188077714402758
0.4453,0.188075954077469
0.4454,0.18807419226727
0.4455,0.18807242897028
0.4456,0.188070664184616
0.4457,0.188068897908393
0.4458,0.188067130139721
0.4459,0.188065360876707
0.446,0.188063590117457
0.4461,0.188061817860072
0.4462,0.188060044102648
0.4463,0.188058268843282
0.4464,0.188056492080065
0.4465,0.188054713811084
0.4466,0.188052934034425
0.4467,0.18805115274817
0.4468,0.188049369950397
0.4469,0.188047585639182
0.447,0.188045799812597
0.4471,0.188044012468709
0.4472,0.188042223605586
0.4473,0.188040433221288
0.4474,0.188038641313875
0.4475,0.188036847881402
0.4476,0.188035052921922
0.4477,0.188033256433483
0.4478,0.188031458414132
0.4479,0.18802965886191
0.448,0.188027857774856
0.4481,0.188026055151006
0.4482,0.188024250988392
0.4483,0.188022445285043
0.4484,0.188020638038985
0.4485,0.188018829248239
0.4486,0.188017018910824
0.4487,0.188015207024756
0.4488,0.188013393588047
0.4489,0.188011578598705
0.449,0.188009762054735
0.4491,0.18800794395414
0.4492,0.188006124294916
0.4493,0.18800430307506
0.4494,0.188002480292563
0.4495,0.188000655945412
0.4496,0.187998830031592
0.4497,0.187997002549085
0.4498,0.187995173495867
0.4499,0.187993342869913
0.45,0.187991510669194
0.4501,0.187989676891676
0.4502,0.187987841535324
0.4503,0.187986004598097
0.4504,0.187984166077952
0.4505,0.187982325972841
0.4506,0.187980484280716
0.4507,0.187978640999521
0.4508,0.187976796127199
0.4509,0.187974949661689
0.451,0.187973101600927
0.4511,0.187971251942843
0.4512,0.187969400685367
0.4513,0.187967547826423
0.4514,0.187965693363932
0.4515,0.187963837295811
0.4516,0.187961979619974
0.4517,0.187960120334332
0.4518,0.187958259436791
0.4519,0.187956396925253
0.452,0.187954532797619
0.4521,0.187952667051784
0.4522,0.18795079968564
0.4523,0.187948930697075
0.4524,0.187947060083974
0.4525,0.187945187844218
0.4526,0.187943313975684
0.4527,0.187941438476246
0.4528,0.187939561343774
0.4529,0.187937682576133
0.453,0.187935802171187
0.4531,0.187933920126795
0.4532,0.18793203644081
0.4533,0.187930151111085
0.4534,0.187928264135467
0.4535,0.1879263755118
0.4536,0.187924485237923
0.4537,0.187922593311674
0.4538,0.187920699730884
0.4539,0.187918804493381
0.454,0.187916907596992
0.4541,0.187915009039537
0.4542,0.187913108818833
0.4543,0.187911206932693
0.4544,0.187909303378927
0.4545,0.187907398155341
0.4546,0.187905491259737
0.4547,0.187903582689913
0.4548,0.187901672443662
0.4549,0.187899760518775
0.455,0.187897846913038
0.4551,0.187895931624235
0.4552,0.187894014650142
0.4553,0.187892095988536
0.4554,0.187890175637187
0.4555,0.187888253593861
0.4556,0.187886329856322
0.4557,0.187884404422328
0.4558,0.187882477289634
0.4559,0.187880548455992
0.456,0.187878617919148
0.4561,0.187876685676846
0.4562,0.187874751726825
0.4563,0.187872816066819
0.4564,0.187870878694559
0.4565,0.187868939607774
0.4566,0.187866998804185
0.4567,0.187865056281512
0.4568,0.18786311203747
0.4569,0.187861166069769
0.457,0.187859218376117
0.4571,0.187857268954216
0.4572,0.187855317801765
0.4573,0.187853364916458
0.4574,0.187851410295986
0.4575,0.187849453938036
0.4576,0.187847495840289
0.4577,0.187845536000424
0.4578,0.187843574416115
0.4579,0.187841611085032
0.458,0.18783964600484
0.4581,0.187837679173201
0.4582,0.187835710587773
0.4583,0.187833740246208
0.4584,0.187831768146156
0.4585,0.187829794285262
0.4586,0.187827818661165
0.4587,0.187825841271503
0.4588,0.187823862113908
0.4589,0.187821881186007
0.459,0.187819898485425
0.4591,0.187817914009781
0.4592,0.187815927756689
0.4593,0.187813939723762
0.4594,0.187811949908604
0.4595,0.18780995830882
0.4596,0.187807964922007
0.4597,0.187805969745758
0.4598,0.187803972777663
0.4599,0.187801974015307
0.46,0.187799973456271
0.4601,0.187797971098131
0.4602,0.187795966938459
0.4603,0.187793960974823
0.4604,0.187791953204785
0.4605,0.187789943625906
0.4606,0.187787932235739
0.4607,0.187785919031834
0.4608,0.187783904011738
0.4609,0.18778188717299
0.461,0.187779868513129
0.4611,0.187777848029686
0.4612,0.187775825720189
0.4613,0.187773801582161
0.4614,0.187771775613122
0.4615,0.187769747810586
0.4616,0.187767718172062
0.4617,0.187765686695056
0.4618,0.18776365337707
0.4619,0.187761618215599
0.462,0.187759581208135
0.4621,0.187757542352165
0.4622,0.187755501645172
0.4623,0.187753459084635
0.4624,0.187751414668026
0.4625,0.187749368392815
0.4626,0.187747320256466
0.4627,0.187745270256439
0.4628,0.187743218390189
0.4629,0.187741164655165
0.463,0.187739109048815
0.4631,0.187737051568579
0.4632,0.187734992211894
0.4633,0.187732930976191
0.4634,0.187730867858898
0.4635,0.187728802857437
0.4636,0.187726735969226
0.4637,0.187724667191677
0.4638,0.1877225965222
0.4639,0.187720523958197
0.464,0.187718449497067
0.4641,0.187716373136205
0.4642,0.187714294872999
0.4643,0.187712214704834
0.4644,0.18771013262909
0.4645,0.187708048643141
0.4646,0.187705962744357
0.4647,0.187703874930104
0.4648,0.187701785197742
0.4649,0.187699693544627
0.465,0.187697599968109
0.4651,0.187695504465533
0.4652,0.187693407034241
0.4653,0.187691307671569
0.4654,0.187689206374847
0.4655,0.187687103141403
0.4656,0.187684997968556
0.4657,0.187682890853624
0.4658,0.187680781793917
0.4659,0.187678670786742
0.466,0.187676557829401
0.4661,0.187674442919189
0.4662,0.187672326053398
0.4663,0.187670207229315
0.4664,0.187668086444221
0.4665,0.187665963695392
0.4666,0.187663838980099
0.4667,0.187661712295609
0.4668,0.187659583639182
0.4669,0.187657453008076
0.467,0.18765532039954
0.4671,0.187653185810821
0.4672,0.187651049239159
0.4673,0.18764891068179
0.4674,0.187646770135944
0.4675,0.187644627598847
0.4676,0.187642483067719
0.4677,0.187640336539775
0.4678,0.187638188012225
0.4679,0.187636037482273
0.468,0.187633884947118
0.4681,0.187631730403955
0.4682,0.187629573849973
0.4683,0.187627415282356
0.4684,0.187625254698281
0.4685,0.187623092094922
0.4686,0.187620927469446
0.4687,0.187618760819017
0.4688,0.187616592140791
0.4689,0.187614421431921
0.469,0.187612248689553
0.4691,0.187610073910828
0.4692,0.187607897092882
0.4693,0.187605718232845
0.4694,0.187603537327843
0.4695,0.187601354374995
0.4696,0.187599169371416
0.4697,0.187596982314215
0.4698,0.187594793200494
0.4699,0.187592602027352
0.47,0.187590408791882
0.4701,0.18758821349117
0.4702,0.187586016122297
0.4703,0.187583816682341
0.4704,0.187581615168372
0.4705,0.187579411577454
0.4706,0.187577205906647
0.4707,0.187574998153005
0.4708,0.187572788313577
0.4709,0.187570576385404
0.471,0.187568362365525
0.4711,0.18756614625097
0.4712,0.187563928038766
0.4713,0.187561707725934
0.4714,0.187559485309487
0.4715,0.187557260786434
0.4716,0.18755503415378
0.4717,0.187552805408522
0.4718,0.187550574547651
0.4719,0.187548341568154
0.472,0.187546106467011
0.4721,0.187543869241198
0.4722,0.187541629887683
0.4723,0.187539388403429
0.4724,0.187537144785395
0.4725,0.187534899030531
0.4726,0.187532651135783
0.4727,0.187530401098092
0.4728,0.187528148914391
0.4729,0.18752589458161
0.473,0.18752363809667
0.4731,0.187521379456488
0.4732,0.187519118657975
0.4733,0.187516855698035
0.4734,0.187514590573568
0.4735,0.187512323281467
0.4736,0.187510053818618
0.4737,0.187507782181903
0.4738,0.187505508368196
0.4739,0.187503232374367
0.474,0.187500954197278
0.4741,0.187498673833787
0.4742,0.187496391280745
0.4743,0.187494106534997
0.4744,0.187491819593381
0.4745,0.187489530452731
0.4746,0.187487239109872
0.4747,0.187484945561627
0.4748,0.187482649804808
0.4749,0.187480351836225
0.475,0.18747805165268
0.4751,0.187475749250968
0.4752,0.187473444627881
0.4753,0.1874711377802
0.4754,0.187468828704704
0.4755,0.187466517398164
0.4756,0.187464203857344
0.4757,0.187461888079005
0.4758,0.187459570059897
0.4759,0.187457249796767
0.476,0.187454927286355
0.4761,0.187452602525395
0.4762,0.187450275510613
0.4763,0.187447946238731
0.4764,0.187445614706463
0.4765,0.187443280910517
0.4766,0.187440944847595
0.4767,0.187438606514392
0.4768,0.187436265907597
0.4769,0.187433923023892
0.477,0.187431577859953
0.4771,0.18742923041245
0.4772,0.187426880678046
0.4773,0.187424528653398
0.4774,0.187422174335154
0.4775,0.18741981771996
0.4776,0.187417458804451
0.4777,0.187415097585258
0.4778,0.187412734059004
0.4779,0.187410368222308
0.478,0.187408000071778
0.4781,0.18740562960402
0.4782,0.187403256815631
0.4783,0.1874008817032
0.4784,0.187398504263312
0.4785,0.187396124492544
0.4786,0.187393742387467
0.4787,0.187391357944644
0.4788,0.187388971160632
0.4789,0.187386582031982
0.479,0.187384190555237
0.4791,0.187381796726933
0.4792,0.187379400543601
0.4793,0.187377002001763
0.4794,0.187374601097936
0.4795,0.187372197828628
0.4796,0.187369792190343
0.4797,0.187367384179576
0.4798,0.187364973792815
0.4799,0.187362561026542
0.48,0.187360145877231
0.4801,0.187357728341352
0.4802,0.187355308415363
0.4803,0.18735288609572
0.4804,0.187350461378868
0.4805,0.187348034261248
0.4806,0.187345604739292
0.4807,0.187343172809425
0.4808,0.187340738468067
0.4809,0.187338301711628
0.481,0.187335862536514
0.4811,0.18733342093912
0.4812,0.187330976915836
0.4813,0.187328530463047
0.4814,0.187326081577127
0.4815,0.187323630254444
0.4816,0.18732117649136
0.4817,0.187318720284229
0.4818,0.187316261629397
0.4819,0.187313800523204
0.482,0.187311336961981
0.4821,0.187308870942054
0.4822,0.18730640245974
0.4823,0.187303931511348
0.4824,0.187301458093182
0.4825,0.187298982201536
0.4826,0.187296503832699
0.4827,0.187294022982951
0.4828,0.187291539648564
0.4829,0.187289053825805
0.483,0.187286565510931
0.4831,0.187284074700193
0.4832,0.187281581389834
0.4833,0.187279085576089
0.4834,0.187276587255186
0.4835,0.187274086423345
0.4836,0.18727158307678
0.4837,0.187269077211694
0.4838,0.187266568824285
0.4839,0.187264057910744
0.484,0.187261544467252
0.4841,0.187259028489984
0.4842,0.187256509975106
0.4843,0.187253988918778
0.4844,0.187251465317149
0.4845,0.187248939166365
0.4846,0.187246410462559
0.4847,0.187243879201861
0.4848,0.18724134538039
0.4849,0.187238808994258
0.485,0.18723627003957
0.4851,0.187233728512421
0.4852,0.1872311844089
0.4853,0.187228637725088
0.4854,0.187226088457057
0.4855,0.187223536600872
0.4856,0.187220982152588
0.4857,0.187218425108256
0.4858,0.187215865463915
0.4859,0.187213303215597
0.486,0.187210738359327
0.4861,0.187208170891122
0.4862,0.187205600806989
0.4863,0.187203028102929
0.4864,0.187200452774933
0.4865,0.187197874818984
0.4866,0.18719529423106
0.4867,0.187192711007125
0.4868,0.187190125143141
0.4869,0.187187536635057
0.487,0.187184945478816
0.4871,0.187182351670352
0.4872,0.187179755205591
0.4873,0.18717715608045
0.4874,0.187174554290838
0.4875,0.187171949832657
0.4876,0.187169342701798
0.4877,0.187166732894146
0.4878,0.187164120405575
0.4879,0.187161505231952
0.488,0.187158887369137
0.4881,0.187156266812979
0.4882,0.187153643559319
0.4883,0.18715101760399
0.4884,0.187148388942817
0.4885,0.187145757571614
0.4886,0.18714312348619
0.4887,0.187140486682341
0.4888,0.187137847155859
0.4889,0.187135204902523
0.489,0.187132559918106
0.4891,0.187129912198372
0.4892,0.187127261739074
0.4893,0.18712460853596
0.4894,0.187121952584766
0.4895,0.18711929388122
0.4896,0.187116632421043
0.4897,0.187113968199943
0.4898,0.187111301213624
0.4899,0.187108631457777
0.49,0.187105958928087
0.4901,0.187103283620227
0.4902,0.187100605529865
0.4903,0.187097924652657
0.4904,0.187095240984249
0.4905,0.187092554520282
0.4906,0.187089865256385
0.4907,0.187087173188177
0.4908,0.187084478311271
0.4909,0.187081780621269
0.491,0.187079080113762
0.4911,0.187076376784336
0.4912,0.187073670628565
0.4913,0.187070961642013
0.4914,0.187068249820237
0.4915,0.187065535158784
0.4916,0.187062817653191
0.4917,0.187060097298985
0.4918,0.187057374091686
0.4919,0.187054648026802
0.492,0.187051919099834
0.4921,0.187049187306271
0.4922,0.187046452641594
0.4923,0.187043715101276
0.4924,0.187040974680777
0.4925,0.187038231375549
0.4926,0.187035485181036
0.4927,0.187032736092671
0.4928,0.187029984105876
0.4929,0.187027229216066
0.493,0.187024471418644
0.4931,0.187021710709006
0.4932,0.187018947082535
0.4933,0.187016180534607
0.4934,0.187013411060586
0.4935,0.187010638655829
0.4936,0.18700786331568
0.4937,0.187005085035474
0.4938,0.187002303810539
0.4939,0.186999519636189
0.494,0.18699673250773
0.4941,0.186993942420459
0.4942,0.186991149369661
0.4943,0.186988353350611
0.4944,0.186985554358577
0.4945,0.186982752388813
0.4946,0.186979947436565
0.4947,0.186977139497069
0.4948,0.18697432856555
0.4949,0.186971514637223
0.495,0.186968697707294
0.4951,0.186965877770956
0.4952,0.186963054823395
0.4953,0.186960228859785
0.4954,0.186957399875289
0.4955,0.186954567865062
0.4956,0.186951732824245
0.4957,0.186948894747973
0.4958,0.186946053631367
0.4959,0.186943209469539
0.496,0.186940362257591
0.4961,0.186937511990613
0.4962,0.186934658663686
0.4963,0.18693180227188
0.4964,0.186928942810253
0.4965,0.186926080273855
0.4966,0.186923214657723
0.4967,0.186920345956884
0.4968,0.186917474166356
0.4969,0.186914599281142
0.497,0.18691172129624
0.4971,0.186908840206632
0.4972,0.186905956007293
0.4973,0.186903068693184
0.4974,0.186900178259258
0.4975,0.186897284700454
0.4976,0.186894388011704
0.4977,0.186891488187925
0.4978,0.186888585224025
0.4979,0.186885679114901
0.498,0.186882769855439
0.4981,0.186879857440513
0.4982,0.186876941864987
0.4983,0.186874023123714
0.4984,0.186871101211533
0.4985,0.186868176123275
0.4986,0.18686524785376
0.4987,0.186862316397793
0.4988,0.186859381750172
0.4989,0.18685644390568
0.499,0.186853502859092
0.4991,0.18685055860517
0.4992,0.186847611138663
0.4993,0.186844660454311
0.4994,0.186841706546841
0.4995,0.18683874941097
0.4996,0.186835789041402
0.4997,0.186832825432831
0.4998,0.186829858579936
0.4999,0.186826888477388
0.5,0.186823915119845
0.5001,0.186820938501954
0.5002,0.186817958618348
0.5003,0.18681497546365
0.5004,0.186811989032471
0.5005,0.186808999319411
0.5006,0.186806006319056
0.5007,0.186803010025982
0.5008,0.186800010434752
0.5009,0.186797007539917
0.501,0.186794001336018
0.5011,0.18679099181758
0.5012,0.18678797897912
0.5013,0.18678496281514
0.5014,0.186781943320131
0.5015,0.186778920488573
0.5016,0.186775894314932
0.5017,0.186772864793662
0.5018,0.186769831919205
0.5019,0.186766795685991
0.502,0.186763756088438
0.5021,0.18676071312095
0.5022,0.18675766677792
0.5023,0.186754617053729
0.5024,0.186751563942743
0.5025,0.186748507439319
0.5026,0.186745447537799
0.5027,0.186742384232513
0.5028,0.186739317517778
0.5029,0.186736247387899
0.503,0.186733173837168
0.5031,0.186730096859865
0.5032,0.186727016450256
0.5033,0.186723932602595
0.5034,0.186720845311123
0.5035,0.186717754570068
0.5036,0.186714660373645
0.5037,0.186711562716056
0.5038,0.186708461591491
0.5039,0.186705356994126
0.504,0.186702248918125
0.5041,0.186699137357636
0.5042,0.186696022306798
0.5043,0.186692903759733
0.5044,0.186689781710554
0.5045,0.186686656153356
0.5046,0.186683527082225
0.5047,0.186680394491231
0.5048,0.186677258374431
0.5049,0.18667411872587
0.505,0.186670975539578
0.5051,0.186667828809572
0.5052,0.186664678529857
0.5053,0.186661524694421
0.5054,0.186658367297243
0.5055,0.186655206332285
0.5056,0.186652041793496
0.5057,0.186648873674811
0.5058,0.186645701970153
0.5059,0.186642526673431
0.506,0.186639347778537
0.5061,0.186636165279353
0.5062,0.186632979169746
0.5063,0.186629789443567
0.5064,0.186626596094656
0.5065,0.186623399116838
0.5066,0.186620198503922
0.5067,0.186616994249707
0.5068,0.186613786347973
0.5069,0.18661057479249
0.507,0.186607359577012
0.5071,0.186604140695277
0.5072,0.186600918141013
0.5073,0.18659769190793
0.5074,0.186594461989725
0.5075,0.186591228380081
0.5076,0.186587991072665
0.5077,0.186584750061132
0.5078,0.186581505339119
0.5079,0.186578256900252
0.508,0.186575004738141
0.5081,0.18657174884638
0.5082,0.18656848921855
0.5083,0.186565225848216
0.5084,0.18656195872893
0.5085,0.186558687854228
0.5086,0.186555413217631
0.5087,0.186552134812645
0.5088,0.186548852632762
0.5089,0.186545566671457
0.509,0.186542276922194
0.5091,0.186538983378416
0.5092,0.186535686033557
0.5093,0.186532384881031
0.5094,0.186529079914239
0.5095,0.186525771126568
0.5096,0.186522458511386
0.5097,0.186519142062049
0.5098,0.186515821771897
0.5099,0.186512497634253
0.51,0.186509169642426
0.5101,0.186505837789708
0.5102,0.186502502069378
0.5103,0.186499162474697
0.5104,0.186495818998912
0.5105,0.186492471635251
0.5106,0.186489120376932
0.5107,0.186485765217151
0.5108,0.186482406149093
0.5109,0.186479043165923
0.511,0.186475676260795
0.5111,0.186472305426843
0.5112,0.186468930657185
0.5113,0.186465551944926
0.5114,0.186462169283152
0.5115,0.186458782664933
0.5116,0.186455392083326
0.5117,0.186451997531367
0.5118,0.186448599002079
0.5119,0.186445196488468
0.512,0.186441789983523
0.5121,0.186438379480217
0.5122,0.186434964971505
0.5123,0.186431546450328
0.5124,0.186428123909609
0.5125,0.186424697342255
0.5126,0.186421266741154
0.5127,0.186417832099181
0.5128,0.186414393409191
0.5129,0.186410950664024
0.513,0.186407503856502
0.5131,0.186404052979431
0.5132,0.186400598025599
0.5133,0.186397138987778
0.5134,0.186393675858722
0.5135,0.186390208631169
0.5136,0.186386737297838
0.5137,0.186383261851432
0.5138,0.186379782284638
0.5139,0.186376298590122
0.514,0.186372810760535
0.5141,0.186369318788512
0.5142,0.186365822666667
0.5143,0.1863623223876
0.5144,0.186358817943889
0.5145,0.186355309328099
0.5146,0.186351796532774
0.5147,0.186348279550443
0.5148,0.186344758373614
0.5149,0.186341232994779
0.515,0.186337703406413
0.5151,0.18633416960097
0.5152,0.186330631570889
0.5153,0.18632708930859
0.5154,0.186323542806473
0.5155,0.186319992056923
0.5156,0.186316437052304
0.5157,0.186312877784963
0.5158,0.186309314247229
0.5159,0.186305746431411
0.516,0.186302174329801
0.5161,0.186298597934672
0.5162,0.186295017238279
0.5163,0.186291432232857
0.5164,0.186287842910623
0.5165,0.186284249263775
0.5166,0.186280651284494
0.5167,0.186277048964939
0.5168,0.186273442297252
0.5169,0.186269831273556
0.517,0.186266215885956
0.5171,0.186262596126534
0.5172,0.186258971987357
0.5173,0.186255343460471
0.5174,0.186251710537903
0.5175,0.18624807321166
0.5176,0.186244431473731
0.5177,0.186240785316085
0.5178,0.18623713473067
0.5179,0.186233479709417
0.518,0.186229820244235
0.5181,0.186226156327015
0.5182,0.186222487949628
0.5183,0.186218815103924
0.5184,0.186215137781735
0.5185,0.186211455974871
0.5186,0.186207769675123
0.5187,0.186204078874263
0.5188,0.186200383564042
0.5189,0.18619668373619
0.519,0.186192979382418
0.5191,0.186189270494415
0.5192,0.186185557063853
0.5193,0.18618183908238
0.5194,0.186178116541625
0.5195,0.186174389433196
0.5196,0.186170657748683
0.5197,0.186166921479651
0.5198,0.186163180617647
0.5199,0.186159435154197
0.52,0.186155685080805
0.5201,0.186151930388956
0.5202,0.186148171070112
0.5203,0.186144407115715
0.5204,0.186140638517185
0.5205,0.186136865265923
0.5206,0.186133087353306
0.5207,0.186129304770691
0.5208,0.186125517509414
0.5209,0.186121725560789
0.521,0.186117928916109
0.5211,0.186114127566644
0.5212,0.186110321503645
0.5213,0.186106510718337
0.5214,0.186102695201929
0.5215,0.186098874945602
0.5216,0.18609504994052
0.5217,0.186091220177823
0.5218,0.186087385648628
0.5219,0.186083546344032
0.522,0.186079702255109
0.5221,0.186075853372909
0.5222,0.186071999688462
0.5223,0.186068141192775
0.5224,0.186064277876832
0.5225,0.186060409731595
0.5226,0.186056536748003
0.5227,0.186052658916972
0.5228,0.186048776229396
0.5229,0.186044888676146
0.523,0.18604099624807
0.5231,0.186037098935992
0.5232,0.186033196730716
0.5233,0.186029289623019
0.5234,0.186025377603658
0.5235,0.186021460663365
0.5236,0.186017538792848
0.5237,0.186013611982794
0.5238,0.186009680223865
0.5239,0.1860057435067
0.524,0.186001801821912
0.5241,0.185997855160095
0.5242,0.185993903511815
0.5243,0.185989946867617
0.5244,0.185985985218019
0.5245,0.185982018553517
0.5246,0.185978046864585
0.5247,0.185974070141668
0.5248,0.18597008837519
0.5249,0.18596610155555
0.525,0.185962109673124
0.5251,0.18595811271826
0.5252,0.185954110681285
0.5253,0.1859501035525
0.5254,0.185946091322181
0.5255,0.185942073980579
0.5256,0.185938051517922
0.5257,0.18593402392441
0.5258,0.185929991190221
0.5259,0.185925953305507
0.526,0.185921910260393
0.5261,0.185917862044982
0.5262,0.185913808649348
0.5263,0.185909750063543
0.5264,0.185905686277591
0.5265,0.185901617281492
0.5266,0.18589754306522
0.5267,0.185893463618722
0.5268,0.18588937893192
0.5269,0.185885288994712
0.527,0.185881193796967
0.5271,0.185877093328529
0.5272,0.185872987579217
0.5273,0.185868876538823
0.5274,0.18586476019711
0.5275,0.18586063854382
0.5276,0.185856511568664
0.5277,0.185852379261329
0.5278,0.185848241611473
0.5279,0.18584409860873
0.528,0.185839950242704
0.5281,0.185835796502975
0.5282,0.185831637379095
0.5283,0.185827472860587
0.5284,0.185823302936951
0.5285,0.185819127597655
0.5286,0.185814946832142
0.5287,0.185810760629829
0.5288,0.185806568980102
0.5289,0.185802371872323
0.529,0.185798169295823
0.5291,0.185793961239907
0.5292,0.185789747693851
0.5293,0.185785528646906
0.5294,0.18578130408829
0.5295,0.185777074007197
0.5296,0.185772838392791
0.5297,0.185768597234207
0.5298,0.185764350520553
0.5299,0.185760098240908
0.53,0.185755840384322
0.5301,0.185751576939817
0.5302,0.185747307896384
0.5303,0.185743033242987
0.5304,0.185738752968562
0.5305,0.185734467062014
0.5306,0.185730175512218
0.5307,0.185725878308023
0.5308,0.185721575438245
0.5309,0.185717266891672
0.531,0.185712952657064
0.5311,0.185708632723148
0.5312,0.185704307078624
0.5313,0.185699975712161
0.5314,0.185695638612397
0.5315,0.185691295767943
0.5316,0.185686947167376
0.5317,0.185682592799245
0.5318,0.185678232652068
0.5319,0.185673866714333
0.532,0.185669494974497
0.5321,0.185665117420985
0.5322,0.185660734042194
0.5323,0.185656344826488
0.5324,0.1856519497622
0.5325,0.185647548837634
0.5326,0.18564314204106
0.5327,0.185638729360718
0.5328,0.185634310784816
0.5329,0.185629886301533
0.533,0.185625455899012
0.5331,0.185621019565367
0.5332,0.185616577288682
0.5333,0.185612129057004
0.5334,0.185607674858352
0.5335,0.185603214680711
0.5336,0.185598748512035
0.5337,0.185594276340244
0.5338,0.185589798153228
0.5339,0.185585313938841
0.534,0.185580823684907
0.5341,0.185576327379216
0.5342,0.185571825009525
0.5343,0.18556731656356
0.5344,0.18556280202901
0.5345,0.185558281393533
0.5346,0.185553754644755
0.5347,0.185549221770267
0.5348,0.185544682757624
0.5349,0.185540137594352
0.535,0.18553558626794
0.5351,0.185531028765844
0.5352,0.185526465075486
0.5353,0.185521895184253
0.5354,0.185517319079499
0.5355,0.185512736748542
0.5356,0.185508148178668
0.5357,0.185503553357125
0.5358,0.185498952271129
0.5359,0.185494344907859
0.536,0.185489731254462
0.5361,0.185485111298046
0.5362,0.185480485025687
0.5363,0.185475852424424
0.5364,0.185471213481261
0.5365,0.185466568183165
0.5366,0.18546191651707
0.5367,0.185457258469873
0.5368,0.185452594028433
0.5369,0.185447923179576
0.537,0.185443245910089
0.5371,0.185438562206726
0.5372,0.185433872056201
0.5373,0.185429175445194
0.5374,0.185424472360346
0.5375,0.185419762788264
0.5376,0.185415046715515
0.5377,0.18541032412863
0.5378,0.185405595014105
0.5379,0.185400859358395
0.538,0.18539611714792
0.5381,0.185391368369062
0.5382,0.185386613008164
0.5383,0.185381851051532
0.5384,0.185377082485434
0.5385,0.1853723072961
0.5386,0.185367525469722
0.5387,0.185362736992453
0.5388,0.185357941850406
0.5389,0.185353140029659
0.539,0.185348331516248
0.5391,0.185343516296171
0.5392,0.185338694355388
0.5393,0.185333865679818
0.5394,0.185329030255341
0.5395,0.185324188067799
0.5396,0.185319339102993
0.5397,0.185314483346685
0.5398,0.185309620784596
0.5399,0.185304751402407
0.54,0.18529987518576
0.5401,0.185294992120257
0.5402,0.185290102191458
0.5403,0.185285205384882
0.5404,0.185280301686009
0.5405,0.185275391080278
0.5406,0.185270473553085
0.5407,0.185265549089786
0.5408,0.185260617675697
0.5409,0.18525567929609
0.541,0.185250733936198
0.5411,0.185245781581209
0.5412,0.185240822216272
0.5413,0.185235855826493
0.5414,0.185230882396936
0.5415,0.18522590191262
0.5416,0.185220914358526
0.5417,0.185215919719589
0.5418,0.185210917980703
0.5419,0.185205909126717
0.542,0.185200893142438
0.5421,0.185195870012632
0.5422,0.185190839722017
0.5423,0.18518580225527
0.5424,0.185180757597026
0.5425,0.185175705731872
0.5426,0.185170646644354
0.5427,0.185165580318972
0.5428,0.185160506740183
0.5429,0.1851554258924
0.543,0.185150337759988
0.5431,0.185145242327271
0.5432,0.185140139578525
0.5433,0.185135029497984
0.5434,0.185129912069833
0.5435,0.185124787278214
0.5436,0.185119655107222
0.5437,0.185114515540908
0.5438,0.185109368563276
0.5439,0.185104214158282
0.544,0.185099052309838
0.5441,0.185093883001808
0.5442,0.185088706218012
0.5443,0.18508352194222
0.5444,0.185078330158156
0.5445,0.185073130849498
0.5446,0.185067923999875
0.5447,0.18506270959287
0.5448,0.185057487612017
0.5449,0.185052258040802
0.545,0.185047020862665
0.5451,0.185041776060995
0.5452,0.185036523619135
0.5453,0.185031263520378
0.5454,0.185025995747969
0.5455,0.185020720285104
0.5456,0.185015437114929
0.5457,0.185010146220542
0.5458,0.18500484758499
0.5459,0.184999541191272
0.546,0.184994227022336
0.5461,0.184988905061082
0.5462,0.184983575290356
0.5463,0.184978237692958
0.5464,0.184972892251633
0.5465,0.18496753894908
0.5466,0.184962177767943
0.5467,0.184956808690818
0.5468,0.184951431700247
0.5469,0.184946046778722
0.547,0.184940653908683
0.5471,0.184935253072518
0.5472,0.184929844252564
0.5473,0.184924427431104
0.5474,0.18491900259037
0.5475,0.18491356971254
0.5476,0.184908128779741
0.5477,0.184902679774045
0.5478,0.184897222677471
0.5479,0.184891757471987
0.548,0.184886284139504
0.5481,0.184880802661881
0.5482,0.184875313020923
0.5483,0.18486981519838
0.5484,0.184864309175949
0.5485,0.18485879493527
0.5486,0.18485327245793
0.5487,0.184847741725462
0.5488,0.18484220271934
0.5489,0.184836655420986
0.549,0.184831099811764
0.5491,0.184825535872984
0.5492,0.1848199635859
0.5493,0.184814382931707
0.5494,0.184808793891546
0.5495,0.184803196446501
0.5496,0.184797590577599
0.5497,0.184791976265808
0.5498,0.184786353492041
0.5499,0.184780722237153
0.55,0.18477508248194
0.5501,0.184769434207141
0.5502,0.184763777393437
0.5503,0.184758112021449
0.5504,0.184752438071741
0.5505,0.184746755524817
0.5506,0.184741064361123
0.5507,0.184735364561044
0.5508,0.184729656104908
0.5509,0.18472393897298
0.551,0.184718213145467
0.5511,0.184712478602516
0.5512,0.184706735324212
0.5513,0.184700983290581
0.5514,0.184695222481586
0.5515,0.184689452877131
0.5516,0.184683674457057
0.5517,0.184677887201145
0.5518,0.184672091089111
0.5519,0.184666286100613
0.552,0.184660472215243
0.5521,0.184654649412533
0.5522,0.18464881767195
0.5523,0.184642976972901
0.5524,0.184637127294725
0.5525,0.184631268616703
0.5526,0.184625400918047
0.5527,0.184619524177909
0.5528,0.184613638375374
0.5529,0.184607743489464
0.553,0.184601839499135
0.5531,0.184595926383279
0.5532,0.184590004120722
0.5533,0.184584072690225
0.5534,0.184578132070483
0.5535,0.184572182240124
0.5536,0.184566223177712
0.5537,0.184560254861741
0.5538,0.184554277270642
0.5539,0.184548290382776
0.554,0.184542294176438
0.5541,0.184536288629855
0.5542,0.184530273721186
0.5543,0.184524249428521
0.5544,0.184518215729885
0.5545,0.18451217260323
0.5546,0.184506120026441
0.5547,0.184500057977335
0.5548,0.184493986433657
0.5549,0.184487905373084
0.555,0.184481814773223
0.5551,0.184475714611608
0.5552,0.184469604865707
0.5553,0.184463485512914
0.5554,0.184457356530552
0.5555,0.184451217895873
0.5556,0.184445069586057
0.5557,0.184438911578214
0.5558,0.184432743849379
0.5559,0.184426566376516
0.556,0.184420379136515
0.5561,0.184414182106195
0.5562,0.184407975262299
0.5563,0.184401758581497
0.5564,0.184395532040387
0.5565,0.18438929561549
0.5566,0.184383049283255
0.5567,0.184376793020052
0.5568,0.184370526802181
0.5569,0.184364250605863
0.557,0.184357964407244
0.5571,0.184351668182395
0.5572,0.184345361907308
0.5573,0.184339045557902
0.5574,0.184332719110016
0.5575,0.184326382539412
0.5576,0.184320035821777
0.5577,0.184313678932716
0.5578,0.184307311847759
0.5579,0.184300934542357
0.558,0.18429454699188
0.5581,0.18428814917162
0.5582,0.184281741056792
0.5583,0.184275322622527
0.5584,0.184268893843878
0.5585,0.184262454695818
0.5586,0.184256005153237
0.5587,0.184249545190947
0.5588,0.184243074783677
0.5589,0.184236593906072
0.559,0.184230102532699
0.5591,0.184223600638039
0.5592,0.184217088196493
0.5593,0.184210565182377
0.5594,0.184204031569925
0.5595,0.184197487333285
0.5596,0.184190932446522
0.5597,0.184184366883619
0.5598,0.18417779061847
0.5599,0.184171203624886
0.56,0.184164605876592
0.5601,0.184157997347229
0.5602,0.184151378010348
0.5603,0.184144747839417
0.5604,0.184138106807815
0.5605,0.184131454888835
0.5606,0.184124792055681
0.5607,0.184118118281469
0.5608,0.184111433539229
0.5609,0.1841047378019
0.561,0.184098031042332
0.5611,0.184091313233287
0.5612,0.184084584347435
0.5613,0.184077844357358
0.5614,0.184071093235546
0.5615,0.184064330954399
0.5616,0.184057557486225
0.5617,0.184050772803241
0.5618,0.18404397687757
0.5619,0.184037169681245
0.562,0.184030351186206
0.5621,0.184023521364297
0.5622,0.184016680187271
0.5623,0.184009827626787
0.5624,0.184002963654408
0.5625,0.183996088241604
0.5626,0.183989201359747
0.5627,0.183982302980118
0.5628,0.183975393073897
0.5629,0.183968471612172
0.563,0.18396153856593
0.5631,0.183954593906065
0.5632,0.18394763760337
0.5633,0.183940669628542
0.5634,0.183933689952178
0.5635,0.183926698544778
0.5636,0.183919695376743
0.5637,0.18391268041837
0.5638,0.183905653639862
0.5639,0.183898615011318
0.564,0.183891564502735
0.5641,0.183884502084013
0.5642,0.183877427724945
0.5643,0.183870341395225
0.5644,0.183863243064445
0.5645,0.183856132702091
0.5646,0.183849010277547
0.5647,0.183841875760094
0.5648,0.183834729118907
0.5649,0.183827570323058
0.565,0.183820399341511
0.5651,0.183813216143126
0.5652,0.183806020696657
0.5653,0.183798812970751
0.5654,0.183791592933947
0.5655,0.183784360554679
0.5656,0.183777115801269
0.5657,0.183769858641935
0.5658,0.183762589044782
0.5659,0.183755306977808
0.566,0.183748012408901
0.5661,0.183740705305838
0.5662,0.183733385636285
0.5663,0.183726053367797
0.5664,0.183718708467817
0.5665,0.183711350903676
0.5666,0.183703980642593
0.5667,0.183696597651673
0.5668,0.183689201897906
0.5669,0.18368179334817
0.567,0.183674371969227
0.5671,0.183666937727723
0.5672,0.183659490590192
0.5673,0.183652030523046
0.5674,0.183644557492586
0.5675,0.183637071464992
0.5676,0.183629572406328
0.5677,0.183622060282539
0.5678,0.183614535059451
0.5679,0.183606996702771
0.568,0.183599445178087
0.5681,0.183591880450867
0.5682,0.183584302486455
0.5683,0.183576711250077
0.5684,0.183569106706836
0.5685,0.183561488821711
0.5686,0.183553857559562
0.5687,0.183546212885121
0.5688,0.183538554762998
0.5689,0.183530883157679
0.569,0.183523198033523
0.5691,0.183515499354765
0.5692,0.183507787085513
0.5693,0.183500061189748
0.5694,0.183492321631324
0.5695,0.183484568373967
0.5696,0.183476801381274
0.5697,0.183469020616713
0.5698,0.183461226043623
0.5699,0.183453417625213
0.57,0.18344559532456
0.5701,0.183437759104609
0.5702,0.183429908928176
0.5703,0.183422044757941
0.5704,0.183414166556453
0.5705,0.183406274286127
0.5706,0.183398367909243
0.5707,0.183390447387946
0.5708,0.183382512684246
0.5709,0.183374563760017
0.571,0.183366600576995
0.5711,0.18335862309678
0.5712,0.183350631280833
0.5713,0.183342625090477
0.5714,0.183334604486895
0.5715,0.183326569431131
0.5716,0.183318519884088
0.5717,0.183310455806528
0.5718,0.183302377159071
0.5719,0.183294283902195
0.572,0.183286175996234
0.5721,0.18327805340138
0.5722,0.183269916077679
0.5723,0.183261763985032
0.5724,0.183253597083195
0.5725,0.183245415331778
0.5726,0.183237218690244
0.5727,0.183229007117906
0.5728,0.183220780573932
0.5729,0.183212539017339
0.573,0.183204282406994
0.5731,0.183196010701616
0.5732,0.183187723859769
0.5733,0.183179421839868
0.5734,0.183171104600176
0.5735,0.183162772098801
0.5736,0.183154424293698
0.5737,0.183146061142667
0.5738,0.183137682603354
0.5739,0.183129288633247
0.574,0.183120879189678
0.5741,0.183112454229823
0.5742,0.183104013710698
0.5743,0.183095557589161
0.5744,0.183087085821909
0.5745,0.183078598365481
0.5746,0.183070095176253
0.5747,0.18306157621044
0.5748,0.183053041424093
0.5749,0.183044490773102
0.575,0.183035924213191
0.5751,0.18302734169992
0.5752,0.183018743188682
0.5753,0.183010128634706
0.5754,0.183001497993051
0.5755,0.182992851218609
0.5756,0.182984188266105
0.5757,0.182975509090092
0.5758,0.182966813644953
0.5759,0.182958101884902
0.576,0.182949373763977
0.5761,0.182940629236048
0.5762,0.182931868254807
0.5763,0.182923090773774
0.5764,0.182914296746295
0.5765,0.182905486125536
0.5766,0.18289665886449
0.5767,0.182887814915969
0.5768,0.18287895423261
0.5769,0.182870076766867
0.577,0.182861182471016
0.5771,0.182852271297151
0.5772,0.182843343197184
0.5773,0.182834398122845
0.5774,0.18282543602568
0.5775,0.182816456857049
0.5776,0.182807460568128
0.5777,0.182798447109906
0.5778,0.182789416433186
0.5779,0.18278036848858
0.578,0.182771303226515
0.5781,0.182762220597224
0.5782,0.182753120550751
0.5783,0.18274400303695
0.5784,0.182734868005479
0.5785,0.182725715405804
0.5786,0.182716545187196
0.5787,0.182707357298732
0.5788,0.18269815168929
0.5789,0.182688928307553
0.579,0.182679687102004
0.5791,0.182670428020928
0.5792,0.182661151012408
0.5793,0.182651856024328
0.5794,0.182642543004368
0.5795,0.182633211900005
0.5796,0.182623862658513
0.5797,0.182614495226961
0.5798,0.182605109552209
0.5799,0.182595705580912
0.58,0.182586283259518
0.5801,0.182576842534263
0.5802,0.182567383351175
0.5803,0.182557905656069
0.5804,0.182548409394549
0.5805,0.182538894512006
0.5806,0.182529360953614
0.5807,0.182519808664336
0.5808,0.182510237588913
0.5809,0.182500647671874
0.581,0.182491038857526
0.5811,0.182481411089956
0.5812,0.182471764313033
0.5813,0.182462098470401
0.5814,0.182452413505483
0.5815,0.182442709361477
0.5816,0.182432985981357
0.5817,0.182423243307869
0.5818,0.182413481283532
0.5819,0.182403699850639
0.582,0.182393898951249
0.5821,0.182384078527193
0.5822,0.182374238520069
0.5823,0.182364378871243
0.5824,0.182354499521845
0.5825,0.182344600412771
0.5826,0.18233468148468
0.5827,0.182324742677992
0.5828,0.182314783932889
0.5829,0.182304805189312
0.583,0.182294806386962
0.5831,0.182284787465296
0.5832,0.182274748363528
0.5833,0.182264689020626
0.5834,0.182254609375313
0.5835,0.182244509366062
0.5836,0.182234388931099
0.5837,0.1822242480084
0.5838,0.182214086535688
0.5839,0.182203904450436
0.584,0.182193701689861
0.5841,0.182183478190926
0.5842,0.182173233890335
0.5843,0.182162968724537
0.5844,0.182152682629721
0.5845,0.182142375541815
0.5846,0.182132047396485
0.5847,0.182121698129136
0.5848,0.182111327674905
0.5849,0.182100935968667
0.585,0.182090522945026
0.5851,0.182080088538321
0.5852,0.182069632682619
0.5853,0.182059155311715
0.5854,0.182048656359133
0.5855,0.182038135758122
0.5856,0.182027593441656
0.5857,0.18201702934243
0.5858,0.182006443392865
0.5859,0.181995835525097
0.586,0.181985205670984
0.5861,0.1819745537621
0.5862,0.181963879729735
0.5863,0.181953183504893
0.5864,0.181942465018292
0.5865,0.181931724200359
0.5866,0.181920960981234
0.5867,0.181910175290762
0.5868,0.181899367058497
0.5869,0.181888536213698
0.587,0.181877682685326
0.5871,0.181866806402046
0.5872,0.181855907292222
0.5873,0.181844985283919
0.5874,0.181834040304898
0.5875,0.181823072282616
0.5876,0.181812081144225
0.5877,0.181801066816567
0.5878,0.181790029226179
0.5879,0.181778968299285
0.588,0.181767883961795
0.5881,0.18175677613931
0.5882,0.18174564475711
0.5883,0.181734489740161
0.5884,0.181723311013109
0.5885,0.18171210850028
0.5886,0.181700882125676
0.5887,0.181689631812978
0.5888,0.181678357485537
0.5889,0.18166705906638
0.589,0.181655736478202
0.5891,0.181644389643369
0.5892,0.181633018483914
0.5893,0.181621622921534
0.5894,0.18161020287759
0.5895,0.181598758273105
0.5896,0.181587289028763
0.5897,0.181575795064904
0.5898,0.181564276301525
0.5899,0.181552732658279
0.59,0.18154116405447
0.5901,0.181529570409051
0.5902,0.181517951640628
0.5903,0.18150630766745
0.5904,0.181494638407413
0.5905,0.181482943778055
0.5906,0.181471223696556
0.5907,0.181459478079735
0.5908,0.181447706844046
0.5909,0.181435909905582
0.591,0.181424087180065
0.5911,0.181412238582852
0.5912,0.181400364028926
0.5913,0.1813884634329
0.5914,0.181376536709008
0.5915,0.181364583771112
0.5916,0.181352604532692
0.5917,0.181340598906846
0.5918,0.18132856680629
0.5919,0.181316508143356
0.592,0.181304422829987
0.5921,0.181292310777735
0.5922,0.181280171897763
0.5923,0.181268006100838
0.5924,0.181255813297331
0.5925,0.181243593397217
0.5926,0.181231346310066
0.5927,0.18121907194505
0.5928,0.181206770210932
0.5929,0.18119444101607
0.593,0.181182084268412
0.5931,0.181169699875493
0.5932,0.181157287744436
0.5933,0.181144847781944
0.5934,0.181132379894306
0.5935,0.181119883987385
0.5936,0.181107359966623
0.5937,0.181094807737035
0.5938,0.18108222720321
0.5939,0.181069618269302
0.594,0.181056980839036
0.5941,0.181044314815698
0.5942,0.181031620102139
0.5943,0.181018896600767
0.5944,0.181006144213546
0.5945,0.180993362841999
0.5946,0.180980552387196
0.5947,0.180967712749758
0.5948,0.180954843829853
0.5949,0.180941945527193
0.595,0.180929017741032
0.5951,0.180916060370162
0.5952,0.180903073312911
0.5953,0.180890056467141
0.5954,0.180877009730246
0.5955,0.180863932999148
0.5956,0.180850826170292
0.5957,0.180837689139648
0.5958,0.180824521802706
0.5959,0.180811324054472
0.596,0.180798095789469
0.5961,0.180784836901729
0.5962,0.180771547284793
0.5963,0.18075822683171
0.5964,0.180744875435029
0.5965,0.180731492986803
0.5966,0.18071807937858
0.5967,0.180704634501401
0.5968,0.180691158245802
0.5969,0.180677650501805
0.597,0.180664111158917
0.5971,0.18065054010613
0.5972,0.180636937231913
0.5973,0.180623302424212
0.5974,0.180609635570447
0.5975,0.180595936557507
0.5976,0.180582205271749
0.5977,0.180568441598994
0.5978,0.180554645424524
0.5979,0.180540816633076
0.598,0.180526955108845
0.5981,0.180513060735475
0.5982,0.180499133396058
0.5983,0.180485172973131
0.5984,0.180471179348672
0.5985,0.180457152404097
0.5986,0.180443092020258
0.5987,0.180428998077435
0.5988,0.180414870455339
0.5989,0.180400709033104
0.599,0.180386513689286
0.5991,0.180372284301856
0.5992,0.180358020748201
0.5993,0.18034372290512
0.5994,0.180329390648815
0.5995,0.180315023854894
0.5996,0.180300622398365
0.5997,0.18028618615363
0.5998,0.180271714994486
0.5999,0.180257208794117
0.6,0.180242667425093
0.6001,0.180228090759365
0.6002,0.180213478668262
0.6003,0.180198831022486
0.6004,0.18018414769211
0.6005,0.180169428546572
0.6006,0.180154673454674
0.6007,0.180139882284574
0.6008,0.180125054903788
0.6009,0.180110191179178
0.601,0.180095290976957
0.6011,0.180080354162677
0.6012,0.180065380601231
0.6013,0.180050370156844
0.6014,0.180035322693074
0.6015,0.180020238072803
0.6016,0.180005116158237
0.6017,0.179989956810897
0.6018,0.179974759891619
0.6019,0.179959525260551
0.602,0.179944252777141
0.6021,0.179928942300141
0.6022,0.179913593687598
0.6023,0.179898206796853
0.6024,0.179882781484533
0.6025,0.179867317606547
0.6026,0.179851815018084
0.6027,0.179836273573607
0.6028,0.179820693126849
0.6029,0.179805073530806
0.603,0.179789414637738
0.6031,0.179773716299156
0.6032,0.179757978365825
0.6033,0.179742200687756
0.6034,0.1797263831142
0.6035,0.179710525493647
0.6036,0.179694627673817
0.6037,0.179678689501657
0.6038,0.179662710823337
0.6039,0.179646691484243
0.604,0.179630631328975
0.6041,0.179614530201337
0.6042,0.179598387944338
0.6043,0.179582204400183
0.6044,0.179565979410267
0.6045,0.179549712815175
0.6046,0.17953340445467
0.6047,0.179517054167694
0.6048,0.179500661792357
0.6049,0.179484227165937
0.605,0.17946775012487
0.6051,0.179451230504749
0.6052,0.179434668140313
0.6053,0.179418062865448
0.6054,0.179401414513176
0.6055,0.179384722915653
0.6056,0.17936798790416
0.6057,0.1793512093091
0.6058,0.179334386959993
0.6059,0.179317520685467
0.606,0.179300610313254
0.6061,0.179283655670184
0.6062,0.17926665658218
0.6063,0.179249612874251
0.6064,0.179232524370484
0.6065,0.179215390894044
0.6066,0.17919821226716
0.6067,0.179180988311126
0.6068,0.17916371884629
0.6069,0.179146403692049
0.607,0.179129042666845
0.6071,0.179111635588154
0.6072,0.179094182272485
0.6073,0.17907668253537
0.6074,0.179059136191357
0.6075,0.179041543054008
0.6076,0.179023902935885
0.6077,0.179006215648552
0.6078,0.178988481002561
0.6079,0.17897069880745
0.608,0.178952868871732
0.6081,0.178934991002892
0.6082,0.178917065007378
0.6083,0.178899090690596
0.6084,0.178881067856899
0.6085,0.178862996309585
0.6086,0.178844875850885
0.6087,0.178826706281958
0.6088,0.178808487402887
0.6089,0.178790219012664
0.609,0.17877190090919
0.6091,0.178753532889263
0.6092,0.178735114748573
0.6093,0.178716646281694
0.6094,0.178698127282074
0.6095,0.17867955754203
0.6096,0.17866093685274
0.6097,0.178642265004234
0.6098,0.178623541785386
0.6099,0.178604766983909
0.61,0.178585940386341
0.6101,0.178567061778044
0.6102,0.178548130943191
0.6103,0.17852914766476
0.6104,0.178510111724522
0.6105,0.178491022903039
0.6106,0.178471880979652
0.6107,0.178452685732469
0.6108,0.178433436938364
0.6109,0.178414134372963
0.611,0.178394777810637
0.6111,0.178375367024491
0.6112,0.178355901786359
0.6113,0.178336381866792
0.6114,0.178316807035052
0.6115,0.178297177059099
0.6116,0.178277491705584
0.6117,0.17825775073984
0.6118,0.178237953925873
0.6119,0.178218101026349
0.612,0.178198191802592
0.6121,0.178178226014564
0.6122,0.178158203420867
0.6123,0.178138123778723
0.6124,0.178117986843971
0.6125,0.178097792371053
0.6126,0.178077540113008
0.6127,0.178057229821457
0.6128,0.178036861246597
0.6129,0.178016434137189
0.613,0.177995948240549
0.6131,0.177975403302534
0.6132,0.177954799067535
0.6133,0.177934135278467
0.6134,0.177913411676756
0.6135,0.177892628002327
0.6136,0.177871783993596
0.6137,0.17785087938746
0.6138,0.177829913919282
0.6139,0.177808887322882
0.614,0.177787799330526
0.6141,0.177766649672914
0.6142,0.177745438079168
0.6143,0.177724164276823
0.6144,0.177702827991812
0.6145,0.177681428948456
0.6146,0.177659966869452
0.6147,0.177638441475861
0.6148,0.177616852487095
0.6149,0.177595199620907
0.615,0.177573482593377
0.6151,0.177551701118898
0.6152,0.177529854910168
0.6153,0.177507943678173
0.6154,0.177485967132176
0.6155,0.177463924979706
0.6156,0.177441816926541
0.6157,0.177419642676698
0.6158,0.177397401932418
0.6159,0.177375094394156
0.616,0.177352719760561
0.6161,0.177330277728471
0.6162,0.177307767992892
0.6163,0.177285190246987
0.6164,0.177262544182063
0.6165,0.177239829487556
0.6166,0.177217045851017
0.6167,0.177194192958097
0.6168,0.177171270492531
0.6169,0.17714827813613
0.617,0.177125215568757
0.6171,0.177102082468321
0.6172,0.177078878510754
0.6173,0.177055603370003
0.6174,0.177032256718009
0.6175,0.177008838224695
0.6176,0.17698534755795
0.6177,0.176961784383612
0.6178,0.176938148365453
0.6179,0.176914439165163
0.618,0.176890656442335
0.6181,0.176866799854444
0.6182,0.176842869056839
0.6183,0.176818863702718
0.6184,0.176794783443115
0.6185,0.176770627926884
0.6186,0.17674639680068
0.6187,0.176722089708942
0.6188,0.176697706293878
0.6189,0.176673246195444
0.619,0.176648709051328
0.6191,0.176624094496931
0.6192,0.176599402165353
0.6193,0.176574631687368
0.6194,0.176549782691411
0.6195,0.176524854803559
0.6196,0.176499847647507
0.6197,0.176474760844558
0.6198,0.176449594013594
0.6199,0.176424346771066
0.62,0.176399018730966
0.6201,0.176373609504815
0.6202,0.176348118701636
0.6203,0.176322545927942
0.6204,0.176296890787706
0.6205,0.17627115288235
0.6206,0.176245331810718
0.6207,0.176219427169058
0.6208,0.176193438551
0.6209,0.176167365547535
0.621,0.176141207746995
0.6211,0.176114964735027
0.6212,0.176088636094577
0.6213,0.176062221405863
0.6214,0.176035720246355
0.6215,0.176009132190753
0.6216,0.175982456810962
0.6217,0.175955693676071
0.6218,0.17592884235233
0.6219,0.175901902403124
0.622,0.175874873388952
0.6221,0.175847754867403
0.6222,0.175820546393129
0.6223,0.175793247517824
0.6224,0.175765857790199
0.6225,0.175738376755953
0.6226,0.175710803957755
0.6227,0.175683138935211
0.6228,0.175655381224844
0.6229,0.175627530360066
0.623,0.175599585871153
0.6231,0.175571547285215
0.6232,0.175543414126173
0.6233,0.175515185914733
0.6234,0.175486862168354
0.6235,0.175458442401224
0.6236,0.175429926124233
0.6237,0.175401312844942
0.6238,0.175372602067556
0.6239,0.175343793292897
0.624,0.175314886018371
0.6241,0.175285879737943
0.6242,0.175256773942105
0.6243,0.175227568117849
0.6244,0.175198261748631
0.6245,0.175168854314349
0.6246,0.175139345291303
0.6247,0.175109734152171
0.6248,0.175080020365975
0.6249,0.175050203398049
0.625,0.175020282710007
0.6251,0.174990257759711
0.6252,0.174960128001239
0.6253,0.174929892884849
0.6254,0.174899551856949
0.6255,0.174869104360063
0.6256,0.174838549832792
0.6257,0.174807887709787
0.6258,0.174777117421709
0.6259,0.174746238395194
0.626,0.17471525005282
0.6261,0.174684151813067
0.6262,0.174652943090286
0.6263,0.174621623294658
0.6264,0.174590191832158
0.6265,0.174558648104518
0.6266,0.174526991509188
0.6267,0.174495221439299
0.6268,0.174463337283623
0.6269,0.174431338426534
0.627,0.17439922424797
0.6271,0.17436699412339
0.6272,0.174334647423736
0.6273,0.174302183515391
0.6274,0.174269601760139
0.6275,0.174236901515118
0.6276,0.174204082132788
0.6277,0.174171142960876
0.6278,0.174138083342343
0.6279,0.174104902615333
0.628,0.174071600113134
0.6281,0.174038175164131
0.6282,0.174004627091761
0.6283,0.173970955214465
0.6284,0.173937158845649
0.6285,0.173903237293628
0.6286,0.173869189861587
0.6287,0.173835015847528
0.6288,0.173800714544223
0.6289,0.173766285239167
0.629,0.173731727214527
0.6291,0.173697039747092
0.6292,0.173662222108223
0.6293,0.173627273563802
0.6294,0.173592193374182
0.6295,0.173556980794131
0.6296,0.173521635072783
0.6297,0.173486155453581
0.6298,0.173450541174228
0.6299,0.173414791466628
0.63,0.173378905556833
0.6301,0.173342882664984
0.6302,0.173306722005259
0.6303,0.173270422785815
0.6304,0.173233984208727
0.6305,0.173197405469932
0.6306,0.173160685759169
0.6307,0.17312382425992
0.6308,0.173086820149351
0.6309,0.173049672598244
0.631,0.173012380770945
0.6311,0.172974943825293
0.6312,0.172937360912561
0.6313,0.172899631177391
0.6314,0.172861753757728
0.6315,0.172823727784755
0.6316,0.172785552382827
0.6317,0.172747226669404
0.6318,0.172708749754983
0.6319,0.172670120743026
0.632,0.172631338729896
0.6321,0.172592402804782
0.6322,0.172553312049629
0.6323,0.172514065539068
0.6324,0.172474662340338
0.6325,0.172435101513219
0.6326,0.17239538210995
0.6327,0.172355503175158
0.6328,0.172315463745781
0.6329,0.172275262850988
0.633,0.172234899512104
0.6331,0.172194372742527
0.6332,0.172153681547649
0.6333,0.172112824924778
0.6334,0.172071801863049
0.6335,0.172030611343346
0.6336,0.171989252338215
0.6337,0.171947723811781
0.6338,0.171906024719658
0.6339,0.171864154008864
0.634,0.171822110617733
0.6341,0.171779893475823
0.6342,0.171737501503824
0.6343,0.171694933613473
0.6344,0.171652188707451
0.6345,0.171609265679297
0.6346,0.171566163413309
0.6347,0.171522880784445
0.6348,0.171479416658232
0.6349,0.171435769890659
0.635,0.171391939328081
0.6351,0.171347923807118
0.6352,0.171303722154549
0.6353,0.17125933318721
0.6354,0.171214755711889
0.6355,0.171169988525217
0.6356,0.171125030413559
0.6357,0.171079880152909
0.6358,0.171034536508774
0.6359,0.170988998236063
0.636,0.170943264078975
0.6361,0.17089733277088
0.6362,0.170851203034207
0.6363,0.17080487358032
0.6364,0.170758343109401
0.6365,0.170711610310328
0.6366,0.170664673860553
0.6367,0.170617532425976
0.6368,0.170570184660816
0.6369,0.170522629207489
0.637,0.170474864696474
0.6371,0.170426889746181
0.6372,0.170378702962821
0.6373,0.170330302940268
0.6374,0.170281688259923
0.6375,0.170232857490578
0.6376,0.170183809188272
0.6377,0.17013454189615
0.6378,0.170085054144319
0.6379,0.170035344449702
0.638,0.169985411315888
0.6381,0.169935253232986
0.6382,0.169884868677467
0.6383,0.169834256112016
0.6384,0.16978341398537
0.6385,0.169732340732164
0.6386,0.169681034772766
0.6387,0.16962949451312
0.6388,0.169577718344573
0.6389,0.169525704643717
0.639,0.169473451772209
0.6391,0.169420958076609
0.6392,0.169368221888199
0.6393,0.169315241522809
0.6394,0.169262015280634
0.6395,0.169208541446059
0.6396,0.169154818287468
0.6397,0.169100844057061
0.6398,0.169046616990664
0.6399,0.168992135307533
0.64,0.168937397210166
0.6401,0.1688824008841
0.6402,0.168827144497709
0.6403,0.168771626202009
0.6404,0.168715844130442
0.6405,0.168659796398673
0.6406,0.168603481104376
0.6407,0.168546896327018
0.6408,0.168490040127643
0.6409,0.168432910548646
0.641,0.168375505613555
0.6411,0.168317823326797
0.6412,0.168259861673469
0.6413,0.168201618619105
0.6414,0.168143092109435
0.6415,0.168084280070146
0.6416,0.168025180406635
0.6417,0.167965791003761
0.6418,0.167906109725595
0.6419,0.167846134415159
0.642,0.16778586289417
0.6421,0.167725292962777
0.6422,0.167664422399287
0.6423,0.167603248959903
0.6424,0.167541770378441
0.6425,0.167479984366051
0.6426,0.167417888610937
0.6427,0.167355480778063
0.6428,0.167292758508867
0.6429,0.167229719420957
0.643,0.167166361107813
0.6431,0.167102681138481
0.6432,0.167038677057262
0.6433,0.166974346383394
0.6434,0.166909686610734
0.6435,0.166844695207432
0.6436,0.1667793696156
0.6437,0.166713707250977
0.6438,0.166647705502586
0.6439,0.166581361732392
0.644,0.166514673274949
0.6441,0.166447637437039
0.6442,0.166380251497315
0.6443,0.166312512705931
0.6444,0.166244418284166
0.6445,0.166175965424046
0.6446,0.166107151287959
0.6447,0.166037973008258
0.6448,0.165968427686871
0.6449,0.165898512394886
0.645,0.165828224172149
0.6451,0.165757560026841
0.6452,0.165686516935055
0.6453,0.165615091840365
0.6454,0.165543281653385
0.6455,0.16547108325133
0.6456,0.165398493477555
0.6457,0.165325509141102
0.6458,0.165252127016227
0.6459,0.165178343841929
0.646,0.165104156321464
0.6461,0.165029561121857
0.6462,0.164954554873399
0.6463,0.164879134169141
0.6464,0.164803295564382
0.6465,0.164727035576138
0.6466,0.164650350682614
0.6467,0.164573237322658
0.6468,0.164495691895214
0.6469,0.164417710758757
0.647,0.164339290230726
0.6471,0.164260426586944
0.6472,0.164181116061026
0.6473,0.164101354843782
0.6474,0.164021139082607
0.6475,0.16394046488086
0.6476,0.163859328297231
0.6477,0.163777725345103
0.6478,0.163695651991898
0.6479,0.163613104158409
0.648,0.16353007771813
0.6481,0.163446568496564
0.6482,0.163362572270525
0.6483,0.163278084767425
0.6484,0.163193101664553
0.6485,0.163107618588333
0.6486,0.163021631113576
0.6487,0.162935134762717
0.6488,0.162848125005036
0.6489,0.162760597255869
0.649,0.162672546875801
0.6491,0.162583969169847
0.6492,0.162494859386618
0.6493,0.162405212717469
0.6494,0.162315024295639
0.6495,0.162224289195365
0.6496,0.162133002430986
0.6497,0.162041158956034
0.6498,0.161948753662299
0.6499,0.161855781378886
0.65,0.161762236871246
0.6501,0.161668114840198
0.6502,0.161573409920926
0.6503,0.16147811668196
0.6504,0.161382229624137
0.6505,0.161285743179545
0.6506,0.161188651710444
0.6507,0.161090949508168
0.6508,0.160992630792004
0.6509,0.160893689708056
0.651,0.160794120328082
0.6511,0.160693916648307
0.6512,0.160593072588219
0.6513,0.16049158198934
0.6514,0.160389438613967
0.6515,0.160286636143901
0.6516,0.160183168179141
0.6517,0.160079028236553
0.6518,0.15997420974852
0.6519,0.159868706061562
0.652,0.159762510434922
0.6521,0.159655616039137
0.6522,0.159548015954572
0.6523,0.159439703169924
0.6524,0.159330670580703
0.6525,0.159220910987676
0.6526,0.159110417095283
0.6527,0.158999181510022
0.6528,0.158887196738797
0.6529,0.158774455187238
0.653,0.158660949157983
0.6531,0.158546670848928
0.6532,0.158431612351433
0.6533,0.158315765648508
0.6534,0.15819912261294
0.6535,0.158081675005402
0.6536,0.157963414472504
0.6537,0.15784433254482
0.6538,0.15772442063486
0.6539,0.157603670035013
0.654,0.157482071915429
0.6541,0.157359617321876
0.6542,0.157236297173537
0.6543,0.157112102260768
0.6544,0.156987023242802
0.6545,0.156861050645408
0.6546,0.156734174858504
0.6547,0.156606386133704
0.6548,0.156477674581828
0.6549,0.156348030170349
0.655,0.156217442720786
0.6551,0.15608590190604
0.6552,0.155953397247672
0.6553,0.15581991811312
0.6554,0.155685453712855
0.6555,0.155549993097475
0.6556,0.155413525154729
0.6557,0.155276038606484
0.6558,0.155137522005613
0.6559,0.154997963732821
0.656,0.154857351993394
0.6561,0.154715674813875
0.6562,0.15457292003867
0.6563,0.154429075326567
0.6564,0.154284128147181
0.6565,0.154138065777313
0.6566,0.153990875297234
0.6567,0.153842543586865
0.6568,0.153693057321889
0.6569,0.153542402969754
0.657,0.153390566785591
0.6571,0.153237534808035
0.6572,0.153083292854945
0.6573,0.152927826519022
0.6574,0.152771121163323
0.6575,0.15261316191667
0.6576,0.152453933668939
0.6577,0.152293421066249
0.6578,0.152131608506023
0.6579,0.15196848013193
0.658,0.151804019828711
0.6581,0.151638211216867
0.6582,0.151471037647223
0.6583,0.151302482195355
0.6584,0.151132527655879
0.6585,0.150961156536593
0.6586,0.15078835105248
0.6587,0.150614093119552
0.6588,0.150438364348544
0.6589,0.15026114603844
0.659,0.150082419169845
0.6591,0.149902164398175
0.6592,0.149720362046682
0.6593,0.149536992099289
0.6594,0.149352034193247
0.6595,0.149165467611596
0.6596,0.148977271275431
0.6597,0.148787423735959
0.6598,0.148595903166354
0.6599,0.148402687353388
0.66,0.148207753688846
0.6601,0.148011079160707
0.6602,0.147812640344082
0.6603,0.147612413391924
0.6604,0.147410374025463
0.6605,0.147206497524402
0.6606,0.147000758716826
0.6607,0.146793131968848
0.6608,0.146583591173959
0.6609,0.146372109742082
0.661,0.146158660588332
0.6611,0.145943216121443
0.6612,0.145725748231886
0.6613,0.145506228279639
0.6614,0.145284627081612
0.6615,0.145060914898717
0.6616,0.144835061422564
0.6617,0.144607035761767
0.6618,0.144376806427865
0.6619,0.144144341320823
0.662,0.143909607714111
0.6621,0.143672572239351
0.6622,0.143433200870494
0.6623,0.143191458907548
0.6624,0.142947310959801
0.6625,0.142700720928552
0.6626,0.142451651989318
0.6627,0.142200066573502
0.6628,0.141945926349499
0.6629,0.14168919220323
0.663,0.141429824218074
0.6631,0.141167781654174
0.6632,0.14090302292711
0.6633,0.140635505585893
0.6634,0.140365186290283
0.6635,0.140092020787371
0.6636,0.139815963887435
0.6637,0.13953696943902
0.6638,0.139254990303208
0.6639,0.138969978327073
0.664,0.138681884316267
0.6641,0.138390658006711
0.6642,0.138096248035361
0.6643,0.137798601910007
0.6644,0.137497665978075
0.6645,0.137193385394383
0.6646,0.136885704087818
0.6647,0.136574564726893
0.6648,0.136259908684134
0.6649,0.135941675999245
0.665,0.135619805341026
0.6651,0.135294233967961
0.6652,0.134964897687449
0.6653,0.134631730813608
0.6654,0.134294666123599
0.6655,0.13395363481241
0.6656,0.13360856644603
0.6657,0.133259388912955
0.6658,0.132906028373947
0.6659,0.132548409209979
0.666,0.132186453968284
0.6661,0.131820083306436
0.6662,0.131449215934363
0.6663,0.131073768554217
0.6664,0.130693655798004
0.6665,0.130308790162868
0.6666,0.12991908194394
0.6667,0.12952443916463
0.6668,0.129124767504256
0.6669,0.12871997022289
0.667,0.128309948083294
0.6671,0.127894599269809
0.6672,0.12747381930407
0.6673,0.127047500957385
0.6674,0.126615534159637
0.6675,0.126177805904535
0.6676,0.125734200151056
0.6677,0.125284597720888
0.6678,0.124828876191675
0.6679,0.124366909785888
0.668,0.123898569255092
0.6681,0.123423721759381
0.6682,0.122942230741762
0.6683,0.122453955797226
0.6684,0.121958752536246
0.6685,0.121456472442421
0.6686,0.120946962723973
0.6687,0.120430066158795
0.6688,0.119905620932688
0.6689,0.119373460470486
0.669,0.118833413259648
0.6691,0.11828530266597
0.6692,0.117728946740962
0.6693,0.117164158020475
0.6694,0.116590743314105
0.6695,0.116008503484862
0.6696,0.115417233218598
0.6697,0.114816720782618
0.6698,0.114206747772881
0.6699,0.113587088849162
0.67,0.112957511457494
0.6701,0.112317775539175
0.6702,0.111667633225573
0.6703,0.111006828517924
0.6704,0.110335096951228
0.6705,0.109652165241353
0.6706,0.108957750914324
0.6707,0.108251561916763
0.6708,0.107533296206337
0.6709,0.106802641321015
0.671,0.106059273925846
0.6711,0.105302859335868
0.6712,0.104533051013674
0.6713,0.103749490040053
0.6714,0.102951804556002
0.6715,0.102139609174288
0.6716,0.101312504358605
0.6717,0.100470075768228
0.6718,0.0996118935658922
0.6719,0.0987375116864867
0.672,0.0978464670639336
0.6721,0.0969382788134462
0.6722,0.0960124473661269
0.6723,0.0950684535526352
0.6724,0.094105757632393
0.6725,0.0931237982645142
0.6726,0.0921219914163327
0.6727,0.0910997292050793
0.6728,0.0900563786678602
0.6729,0.0889912804547316
0.673,0.0879037474391837
0.6731,0.0867930632398845
0.6732,0.0856584806470043
0.6733,0.0844992199458513
0.6734,0.0833144671299196
0.6735,0.0821033719947401
0.6736,0.0808650461031555
0.6737,0.0795985606117911
0.6738,0.0783029439475299
0.6739,0.0769771793218007
0.674,0.075620202069295
0.6741,0.0742308967964825
0.6742,0.0728080943238712
0.6743,0.0713505684043962
0.6744,0.0698570321985774
0.6745,0.06832613448515
0.6746,0.0667564555837154
0.6747,0.065146502963548
0.6748,0.063494706510021
0.6749,0.0617994134170667
0.675,0.0600588826707831
0.6751,0.0582712790854559
0.6752,0.0564346668490606
0.6753,0.0545470025305203
0.6754,0.0526061274956149
0.6755,0.0506097596723655
0.6756,0.0485554845998527
0.6757,0.0464407456866456
0.6758,0.0442628335962211
0.6759,0.0420188746666703
0.676,0.0397058182606682
0.6761,0.0373204229285707
0.6762,0.0348592412526801
0.6763,0.0323186032236545
0.6764,0.0296945979804828
0.6765,0.0269830537229514
0.6766,0.0241795155795954
0.6767,0.0212792211841711
0.6768,0.0182770736790134
0.6769,0.0151676118233053
0.677,0.0119449768375296
0.6771,0.00860287556057611
0.6772,0.0051345394320615
0.6773,0.00153267873733399
